Workbook

Sheet cement_plants_main
A1: id | B1: name | C1: lat | D1: lon | E1: type | F1: fuel | G1: region | H1: country | I1: status | J1: capacity_tonnes | K1: emfpm10 | L1: pm10_t_yr | M1: emfpm25 | N1: pm25_t_yr | O1: emfso2 | P1: so2_t_yr | Q1: emfnox | R1: nox_t_yr
A2: CMB-1 | B2: Heidelberg Cement Bangladesh Ltd - Kanchpur Plant | C2: 23.712851 | D2: 90.516048 | E2: grinding | G2: Dhaka Division | H2: Bangladesh | I2: operating | J2: 1500000 | K2: =Sheet1!$G$5 -> 0.0002223 | L2: =J2*K2 -> 333.45 | M2: =Sheet1!$G$2 -> 0.0001235 | N2: =J2*M2 -> 185.25 | O2: =Sheet1!$G$3 -> 0.0007695 | P2: =O2*J2 -> 1154.25 | Q2: =Sheet1!$G$4 -> 0.000494 | R2: =Q2*J2 -> 741
A3: CMB-2 | B3: LafargeHolcim Bangladesh Ltd | C3: 23.611005 | D3: 90.613007 | E3: grinding | G3: Dhaka Division | H3: Bangladesh | I3: operating | J3: 2707000 | K3: =Sheet1!$G$5 -> 0.0002223 | L3: =J3*K3 -> 601.7661 | M3: =Sheet1!$G$2 -> 0.0001235 | N3: =J3*M3 -> 334.3145 | O3: =Sheet1!$G$3 -> 0.0007695 | P3: =O3*J3 -> 2083.0365 | Q3: =Sheet1!$G$4 -> 0.000494 | R3: =Q3*J3 -> 1337.258
A4: CMB-3 | B4: LafargeHolcim Bangladesh Ltd | C4: 22.504972 | D4: 89.589503 | E4: grinding | G4: Khulna Division | H4: Bangladesh | I4: operating | J4: 200000 | K4: =Sheet1!$G$5 -> 0.0002223 | L4: =J4*K4 -> 44.46 | M4: =Sheet1!$G$2 -> 0.0001235 | N4: =J4*M4 -> 24.7 | O4: =Sheet1!$G$3 -> 0.0007695 | P4: =O4*J4 -> 153.9 | Q4: =Sheet1!$G$4 -> 0.000494 | R4: =Q4*J4 -> 98.8
A5: CMB-4 | B5: Shun Shing Cement Mills Ltd | C5: 22.317574 | D5: 91.867925 | E5: grinding | G5: Khulna Division | H5: Bangladesh | I5: operating | J5: 1500000 | K5: =Sheet1!$G$5 -> 0.0002223 | L5: =J5*K5 -> 333.45 | M5: =Sheet1!$G$2 -> 0.0001235 | N5: =J5*M5 -> 185.25 | O5: =Sheet1!$G$3 -> 0.0007695 | P5: =O5*J5 -> 1154.25 | Q5: =Sheet1!$G$4 -> 0.000494 | R5: =Q5*J5 -> 741
A6: CMB-5 | B6: Mongla Cement Factory | C6: 22.517902 | D6: 89.58562 | E6: grinding | G6: Khulna Division | H6: Bangladesh | I6: operating | J6: 1700000 | K6: =Sheet1!$G$5 -> 0.0002223 | L6: =J6*K6 -> 377.91 | M6: =Sheet1!$G$2 -> 0.0001235 | N6: =J6*M6 -> 209.95 | O6: =Sheet1!$G$3 -> 0.0007695 | P6: =O6*J6 -> 1308.15 | Q6: =Sheet1!$G$4 -> 0.000494 | R6: =Q6*J6 -> 839.8
A7: CMB-6 | B7: Crown Cement Factory Ltd. | C7: 23.576689 | D7: 90.508382 | E7: grinding | G7: Dhaka Division | H7: Bangladesh | I7: operating | J7: 4620000 | K7: =Sheet1!$G$5 -> 0.0002223 | L7: =J7*K7 -> 1027.026 | M7: =Sheet1!$G$2 -> 0.0001235 | N7: =J7*M7 -> 570.57 | O7: =Sheet1!$G$3 -> 0.0007695 | P7: =O7*J7 -> 3555.09 | Q7: =Sheet1!$G$4 -> 0.000494 | R7: =Q7*J7 -> 2282.28
A8: CMB-7 | B8: Elephant Brand Cement | C8: 22.517834 | D8: 89.585596 | E8: grinding | G8: Khulna Division | H8: Bangladesh | I8: operating | K8: =Sheet1!$G$5 -> 0.0002223 | L8: =J8*K8 -> 0 | M8: =Sheet1!$G$2 -> 0.0001235 | N8: =J8*M8 -> 0 | O8: =Sheet1!$G$3 -> 0.0007695 | P8: =O8*J8 -> 0 | Q8: =Sheet1!$G$4 -> 0.000494 | R8: =Q8*J8 -> 0
A9: CMB-8 | B9: Scan Cement Factory | C9: 23.568501 | D9: 90.520327 | E9: grinding | G9: Dhaka Division | H9: Bangladesh | I9: operating | J9: 700000 | K9: =Sheet1!$G$5 -> 0.0002223 | L9: =J9*K9 -> 155.61 | M9: =Sheet1!$G$2 -> 0.0001235 | N9: =J9*M9 -> 86.45 | O9: =Sheet1!$G$3 -> 0.0007695 | P9: =O9*J9 -> 538.65 | Q9: =Sheet1!$G$4 -> 0.000494 | R9: =Q9*J9 -> 345.8
A10: CMB-9 | B10: Five Rings Cement Industries | C10: 22.503884 | D10: 89.590302 | E10: grinding | G10: Khulna Division | H10: Bangladesh | I10: operating | K10: =Sheet1!$G$5 -> 0.0002223 | L10: =J10*K10 -> 0 | M10: =Sheet1!$G$2 -> 0.0001235 | N10: =J10*M10 -> 0 | O10: =Sheet1!$G$3 -> 0.0007695 | P10: =O10*J10 -> 0 | Q10: =Sheet1!$G$4 -> 0.000494 | R10: =Q10*J10 -> 0
A11: CMB-10 | B11: Anchor Cement Company | C11: 22.652466 | D11: 90.345293 | E11: grinding | G11: Barisal Division | H11: Bangladesh | I11: operating | J11: 1460000 | K11: =Sheet1!$G$5 -> 0.0002223 | L11: =J11*K11 -> 324.558 | M11: =Sheet1!$G$2 -> 0.0001235 | N11: =J11*M11 -> 180.31 | O11: =Sheet1!$G$3 -> 0.0007695 | P11: =O11*J11 -> 1123.47 | Q11: =Sheet1!$G$4 -> 0.000494 | R11: =Q11*J11 -> 721.24
A12: CMB-11 | B12: Shah Cement | C12: 23.568618 | D12: 90.524404 | E12: grinding | G12: Dhaka Division | H12: Bangladesh | I12: operating | J12: 1860000 | K12: =Sheet1!$G$5 -> 0.0002223 | L12: =J12*K12 -> 413.478 | M12: =Sheet1!$G$2 -> 0.0001235 | N12: =J12*M12 -> 229.71 | O12: =Sheet1!$G$3 -> 0.0007695 | P12: =O12*J12 -> 1431.27 | Q12: =Sheet1!$G$4 -> 0.000494 | R12: =Q12*J12 -> 918.84
A13: CMB-12 | B13: Premier cement mills 3/4 point | C13: 23.578555 | D13: 90.513202 | E13: grinding | G13: Dhaka Division | H13: Bangladesh | I13: operating | J13: 2400000 | K13: =Sheet1!$G$5 -> 0.0002223 | L13: =J13*K13 -> 533.52 | M13: =Sheet1!$G$2 -> 0.0001235 | N13: =J13*M13 -> 296.4 | O13: =Sheet1!$G$3 -> 0.0007695 | P13: =O13*J13 -> 1846.8 | Q13: =Sheet1!$G$4 -> 0.000494 | R13: =Q13*J13 -> 1185.6
A14: CMB-13 | B14: Anwar Cement Ltd.Plant | C14: 23.602161 | D14: 90.624685 | E14: grinding | G14: Dhaka Division | H14: Bangladesh | I14: operating | J14: 700000 | K14: =Sheet1!$G$5 -> 0.0002223 | L14: =J14*K14 -> 155.61 | M14: =Sheet1!$G$2 -> 0.0001235 | N14: =J14*M14 -> 86.45 | O14: =Sheet1!$G$3 -> 0.0007695 | P14: =O14*J14 -> 538.65 | Q14: =Sheet1!$G$4 -> 0.000494 | R14: =Q14*J14 -> 345.8
A15: CMB-14 | B15: Unique Cement Mills | C15: 23.609232 | D15: 90.61001 | E15: grinding | G15: Dhaka Division | H15: Bangladesh | I15: operating | K15: =Sheet1!$G$5 -> 0.0002223 | L15: =J15*K15 -> 0 | M15: =Sheet1!$G$2 -> 0.0001235 | N15: =J15*M15 -> 0 | O15: =Sheet1!$G$3 -> 0.0007695 | P15: =O15*J15 -> 0 | Q15: =Sheet1!$G$4 -> 0.000494 | R15: =Q15*J15 -> 0
A16: CMB-15 | B16: N/A | C16: 24.127959 | D16: 89.586911 | E16: grinding | G16: Rajshahi Division | H16: Bangladesh | I16: operating | K16: =Sheet1!$G$5 -> 0.0002223 | L16: =J16*K16 -> 0 | M16: =Sheet1!$G$2 -> 0.0001235 | N16: =J16*M16 -> 0 | O16: =Sheet1!$G$3 -> 0.0007695 | P16: =O16*J16 -> 0 | Q16: =Sheet1!$G$4 -> 0.000494 | R16: =Q16*J16 -> 0
A17: CMB-16 | B17: Aman Cement Mills Ltd. | C17: 24.290893 | D17: 89.566546 | E17: grinding | G17: Rajshahi Division | H17: Bangladesh | I17: operating | J17: 750000 | K17: =Sheet1!$G$5 -> 0.0002223 | L17: =J17*K17 -> 166.725 | M17: =Sheet1!$G$2 -> 0.0001235 | N17: =J17*M17 -> 92.625 | O17: =Sheet1!$G$3 -> 0.0007695 | P17: =O17*J17 -> 577.125 | Q17: =Sheet1!$G$4 -> 0.000494 | R17: =Q17*J17 -> 370.5
A18: CMB-17 | B18: Shun Shing Cement Mills Ltd (Plant 2) | C18: 22.317574 | D18: 91.867925 | E18: grinding | G18: Chittagong | H18: Bangladesh | I18: operating | J18: 3450000 | K18: =Sheet1!$G$5 -> 0.0002223 | L18: =J18*K18 -> 766.935 | M18: =Sheet1!$G$2 -> 0.0001235 | N18: =J18*M18 -> 426.075 | O18: =Sheet1!$G$3 -> 0.0007695 | P18: =O18*J18 -> 2654.775 | Q18: =Sheet1!$G$4 -> 0.000494 | R18: =Q18*J18 -> 1704.3
A19: CMB-18 | B19: Shun Shing Cement Mills Ltd (Plant 3) | C19: 23.934081 | D19: 90.613085 | E19: grinding | G19: Dhaka Division | H19: Bangladesh | I19: operating | J19: 3450000 | K19: =Sheet1!$G$5 -> 0.0002223 | L19: =J19*K19 -> 766.935 | M19: =Sheet1!$G$2 -> 0.0001235 | N19: =J19*M19 -> 426.075 | O19: =Sheet1!$G$3 -> 0.0007695 | P19: =O19*J19 -> 2654.775 | Q19: =Sheet1!$G$4 -> 0.000494 | R19: =Q19*J19 -> 1704.3
A20: CMB-19 | B20: Heidelberg Materials Bangladesh PLC. - Chattogram Plant | C20: 22.278973 | D20: 91.785257 | E20: grinding | G20: Chittagong | H20: Bangladesh | I20: operating | J20: 1300000 | K20: =Sheet1!$G$5 -> 0.0002223 | L20: =J20*K20 -> 288.99 | M20: =Sheet1!$G$2 -> 0.0001235 | N20: =J20*M20 -> 160.55 | O20: =Sheet1!$G$3 -> 0.0007695 | P20: =O20*J20 -> 1000.35 | Q20: =Sheet1!$G$4 -> 0.000494 | R20: =Q20*J20 -> 642.2
A21: CMB-20 | B21: Heidelberg Cement Bangladesh Ltd - Munshiganj Plant | C21: 23.568661 | D21: 90.520632 | E21: grinding | G21: Dhaka Division | H21: Bangladesh | I21: operating | J21: 600000 | K21: =Sheet1!$G$5 -> 0.0002223 | L21: =J21*K21 -> 133.38 | M21: =Sheet1!$G$2 -> 0.0001235 | N21: =J21*M21 -> 74.1 | O21: =Sheet1!$G$3 -> 0.0007695 | P21: =O21*J21 -> 461.7 | Q21: =Sheet1!$G$4 -> 0.000494 | R21: =Q21*J21 -> 296.4
A22: CMI-3 | B22: RCCPL Pvt Ltd | C22: 26.404843 | D22: 81.130322 | E22: grinding | G22: Uttar Pradesh | H22: India | I22: operating | J22: =2*1000000 -> 2000000 | K22: =Sheet1!$G$5 -> 0.0002223 | L22: =J22*K22 -> 444.6 | M22: =Sheet1!$G$2 -> 0.0001235 | N22: =J22*M22 -> 247 | O22: =Sheet1!$G$3 -> 0.0007695 | P22: =O22*J22 -> 1539 | Q22: =Sheet1!$G$4 -> 0.000494 | R22: =Q22*J22 -> 988
A23: CMI-4 | B23: ACC Ltd | C23: 26.190592 | D23: 81.706283 | E23: grinding | G23: Uttar Pradesh | H23: India | I23: operating | J23: 0 | K23: =Sheet1!$G$5 -> 0.0002223 | L23: =J23*K23 -> 0 | M23: =Sheet1!$G$2 -> 0.0001235 | N23: =J23*M23 -> 0 | O23: =Sheet1!$G$3 -> 0.0007695 | P23: =O23*J23 -> 0 | Q23: =Sheet1!$G$4 -> 0.000494 | R23: =Q23*J23 -> 0
A24: CMI-5 | B24: Ambuja Cements Ltd | C24: 30.233638 | D24: 74.912213 | E24: grinding | G24: Punjab | H24: India | I24: operating | J24: 0 | K24: =Sheet1!$G$5 -> 0.0002223 | L24: =J24*K24 -> 0 | M24: =Sheet1!$G$2 -> 0.0001235 | N24: =J24*M24 -> 0 | O24: =Sheet1!$G$3 -> 0.0007695 | P24: =O24*J24 -> 0 | Q24: =Sheet1!$G$4 -> 0.000494 | R24: =Q24*J24 -> 0
A25: CMI-6 | B25: Ambuja Cements Ltd | C25: 28.570512 | D25: 77.546556 | E25: grinding | G25: Uttar Pradesh | H25: India | I25: operating | J25: 0 | K25: =Sheet1!$G$5 -> 0.0002223 | L25: =J25*K25 -> 0 | M25: =Sheet1!$G$2 -> 0.0001235 | N25: =J25*M25 -> 0 | O25: =Sheet1!$G$3 -> 0.0007695 | P25: =O25*J25 -> 0 | Q25: =Sheet1!$G$4 -> 0.000494 | R25: =Q25*J25 -> 0
A26: CMI-7 | B26: Ambuja Cements Ltd | C26: 22.569254 | D26: 88.194228 | E26: grinding | G26: West Bengal | H26: India | I26: operating | J26: 0 | K26: =Sheet1!$G$5 -> 0.0002223 | L26: =J26*K26 -> 0 | M26: =Sheet1!$G$2 -> 0.0001235 | N26: =J26*M26 -> 0 | O26: =Sheet1!$G$3 -> 0.0007695 | P26: =O26*J26 -> 0 | Q26: =Sheet1!$G$4 -> 0.000494 | R26: =Q26*J26 -> 0
A27: CMI-8 | B27: Ambuja Cements Ltd | C27: 29.967487 | D27: 77.769868 | E27: grinding | G27: Uttarakhand | H27: India | I27: operating | J27: 0 | K27: =Sheet1!$G$5 -> 0.0002223 | L27: =J27*K27 -> 0 | M27: =Sheet1!$G$2 -> 0.0001235 | N27: =J27*M27 -> 0 | O27: =Sheet1!$G$3 -> 0.0007695 | P27: =O27*J27 -> 0 | Q27: =Sheet1!$G$4 -> 0.000494 | R27: =Q27*J27 -> 0
A28: CMI-9 | B28: Ambuja Cements Ltd | C28: 24.775292 | D28: 87.88645 | E28: grinding | G28: West Bengal | H28: India | I28: operating | J28: 0 | K28: =Sheet1!$G$5 -> 0.0002223 | L28: =J28*K28 -> 0 | M28: =Sheet1!$G$2 -> 0.0001235 | N28: =J28*M28 -> 0 | O28: =Sheet1!$G$3 -> 0.0007695 | P28: =O28*J28 -> 0 | Q28: =Sheet1!$G$4 -> 0.000494 | R28: =Q28*J28 -> 0
A29: CMI-10 | B29: Century Cement | C29: 24.388462 | D29: 88.083237 | E29: grinding | G29: West Bengal | H29: India | I29: operating | J29: =2*1000000 -> 2000000 | K29: =Sheet1!$G$5 -> 0.0002223 | L29: =J29*K29 -> 444.6 | M29: =Sheet1!$G$2 -> 0.0001235 | N29: =J29*M29 -> 247 | O29: =Sheet1!$G$3 -> 0.0007695 | P29: =O29*J29 -> 1539 | Q29: =Sheet1!$G$4 -> 0.000494 | R29: =Q29*J29 -> 988
A30: CMI-11 | B30: Nu Vista Ltd | C30: 23.439328 | D30: 87.51119 | E30: grinding | G30: West Bengal | H30: India | I30: operating | J30: =2.5*1000000 -> 2500000 | K30: =Sheet1!$G$5 -> 0.0002223 | L30: =J30*K30 -> 555.75 | M30: =Sheet1!$G$2 -> 0.0001235 | N30: =J30*M30 -> 308.75 | O30: =Sheet1!$G$3 -> 0.0007695 | P30: =O30*J30 -> 1923.75 | Q30: =Sheet1!$G$4 -> 0.000494 | R30: =Q30*J30 -> 1235
A31: CMI-12 | B31: Nuvoco Vistas Corporation Ltd | C31: 23.461907 | D31: 87.120726 | E31: grinding | G31: West Bengal | H31: India | I31: operating | J31: 0 | K31: =Sheet1!$G$5 -> 0.0002223 | L31: =J31*K31 -> 0 | M31: =Sheet1!$G$2 -> 0.0001235 | N31: =J31*M31 -> 0 | O31: =Sheet1!$G$3 -> 0.0007695 | P31: =O31*J31 -> 0 | Q31: =Sheet1!$G$4 -> 0.000494 | R31: =Q31*J31 -> 0
A32: CMI-13 | B32: Kalyanpur Cements Ltd | C32: 24.670568 | D32: 83.9891 | E32: integrated | G32: Bihar | H32: India | I32: operating | J32: 0 | K32: =Sheet1!$G$5 -> 0.0002223 | L32: =J32*K32 -> 0 | M32: =Sheet1!$G$2 -> 0.0001235 | N32: =J32*M32 -> 0 | O32: =Sheet1!$G$3 -> 0.0007695 | P32: =O32*J32 -> 0 | Q32: =Sheet1!$G$4 -> 0.000494 | R32: =Q32*J32 -> 0
A33: CMI-14 | B33: Nuvoco Vistas Corporation Ltd | C33: 28.455175 | D33: 76.273575 | E33: grinding | G33: Haryana | H33: India | I33: operating | J33: 0 | K33: =Sheet1!$G$5 -> 0.0002223 | L33: =J33*K33 -> 0 | M33: =Sheet1!$G$2 -> 0.0001235 | N33: =J33*M33 -> 0 | O33: =Sheet1!$G$3 -> 0.0007695 | P33: =O33*J33 -> 0 | Q33: =Sheet1!$G$4 -> 0.000494 | R33: =Q33*J33 -> 0
A34: CMI-15 | B34: Nu Vista Ltd | C34: 25.223534 | D34: 83.461625 | E34: grinding | G34: Bihar | H34: India | I34: operating | J34: =0.8*1000000 -> 800000 | K34: =Sheet1!$G$5 -> 0.0002223 | L34: =J34*K34 -> 177.84 | M34: =Sheet1!$G$2 -> 0.0001235 | N34: =J34*M34 -> 98.8 | O34: =Sheet1!$G$3 -> 0.0007695 | P34: =O34*J34 -> 615.6 | Q34: =Sheet1!$G$4 -> 0.000494 | R34: =Q34*J34 -> 395.2
A35: CMI-16 | B35: OCL India Ltd | C35: 22.528774 | D35: 87.313274 | E35: grinding | G35: West Bengal | H35: India | I35: operating | J35: 0 | K35: =Sheet1!$G$5 -> 0.0002223 | L35: =J35*K35 -> 0 | M35: =Sheet1!$G$2 -> 0.0001235 | N35: =J35*M35 -> 0 | O35: =Sheet1!$G$3 -> 0.0007695 | P35: =O35*J35 -> 0 | Q35: =Sheet1!$G$4 -> 0.000494 | R35: =Q35*J35 -> 0
A36: CMI-17 | B36: Ramco Cements Ltd | C36: 22.423362 | D36: 87.862852 | E36: grinding | G36: West Bengal | H36: India | I36: operating | J36: =1.95*1000000 -> 1950000 | K36: =Sheet1!$G$5 -> 0.0002223 | L36: =J36*K36 -> 433.485 | M36: =Sheet1!$G$2 -> 0.0001235 | N36: =J36*M36 -> 240.825 | O36: =Sheet1!$G$3 -> 0.0007695 | P36: =O36*J36 -> 1500.525 | Q36: =Sheet1!$G$4 -> 0.000494 | R36: =Q36*J36 -> 963.3
A37: CMI-18 | B37: J K Cement Ltd | C37: 28.490245 | D37: 76.386299 | E37: grinding | G37: Haryana | H37: India | I37: operating | J37: 0 | K37: =Sheet1!$G$5 -> 0.0002223 | L37: =J37*K37 -> 0 | M37: =Sheet1!$G$2 -> 0.0001235 | N37: =J37*M37 -> 0 | O37: =Sheet1!$G$3 -> 0.0007695 | P37: =O37*J37 -> 0 | Q37: =Sheet1!$G$4 -> 0.000494 | R37: =Q37*J37 -> 0
A38: CMI-19 | B38: Shree Cement Ltd | C38: 29.758381 | D38: 78.062049 | E38: grinding | G38: Uttarakhand | H38: India | I38: operating | J38: 0 | K38: =Sheet1!$G$5 -> 0.0002223 | L38: =J38*K38 -> 0 | M38: =Sheet1!$G$2 -> 0.0001235 | N38: =J38*M38 -> 0 | O38: =Sheet1!$G$3 -> 0.0007695 | P38: =O38*J38 -> 0 | Q38: =Sheet1!$G$4 -> 0.000494 | R38: =Q38*J38 -> 0
A39: CMI-20 | B39: JK Lakshmi Cement Ltd | C39: 28.495111 | D39: 76.358152 | E39: grinding | G39: Haryana | H39: India | I39: operating | J39: 0 | K39: =Sheet1!$G$5 -> 0.0002223 | L39: =J39*K39 -> 0 | M39: =Sheet1!$G$2 -> 0.0001235 | N39: =J39*M39 -> 0 | O39: =Sheet1!$G$3 -> 0.0007695 | P39: =O39*J39 -> 0 | Q39: =Sheet1!$G$4 -> 0.000494 | R39: =Q39*J39 -> 0
A40: CMI-21 | B40: Shree Cement Ltd | C40: 24.774342 | D40: 84.354352 | E40: grinding | G40: Bihar | H40: India | I40: operating | J40: 0 | K40: =Sheet1!$G$5 -> 0.0002223 | L40: =J40*K40 -> 0 | M40: =Sheet1!$G$2 -> 0.0001235 | N40: =J40*M40 -> 0 | O40: =Sheet1!$G$3 -> 0.0007695 | P40: =O40*J40 -> 0 | Q40: =Sheet1!$G$4 -> 0.000494 | R40: =Q40*J40 -> 0
A41: CMI-22 | B41: Shree Cement Ltd | C41: 28.480534 | D41: 77.658796 | E41: grinding | G41: Uttar Pradesh | H41: India | I41: operating | J41: 0 | K41: =Sheet1!$G$5 -> 0.0002223 | L41: =J41*K41 -> 0 | M41: =Sheet1!$G$2 -> 0.0001235 | N41: =J41*M41 -> 0 | O41: =Sheet1!$G$3 -> 0.0007695 | P41: =O41*J41 -> 0 | Q41: =Sheet1!$G$4 -> 0.000494 | R41: =Q41*J41 -> 0
A42: CMI-23 | B42: Shree Cement Ltd | C42: 29.396089 | D42: 76.889313 | E42: grinding | G42: Haryana | H42: India | I42: operating | J42: 0 | K42: =Sheet1!$G$5 -> 0.0002223 | L42: =J42*K42 -> 0 | M42: =Sheet1!$G$2 -> 0.0001235 | N42: =J42*M42 -> 0 | O42: =Sheet1!$G$3 -> 0.0007695 | P42: =O42*J42 -> 0 | Q42: =Sheet1!$G$4 -> 0.000494 | R42: =Q42*J42 -> 0
A43: CMI-24 | B43: JSW Cement Ltd | C43: 22.576171 | D43: 87.309609 | E43: integrated | G43: West Bengal | H43: India | I43: operating | J43: =2.4*1000000 -> 2400000 | K43: =Sheet1!$G$5 -> 0.0002223 | L43: =J43*K43 -> 533.52 | M43: =Sheet1!$G$2 -> 0.0001235 | N43: =J43*M43 -> 296.4 | O43: =Sheet1!$G$3 -> 0.0007695 | P43: =O43*J43 -> 1846.8 | Q43: =Sheet1!$G$4 -> 0.000494 | R43: =Q43*J43 -> 1185.6
A44: CMI-25 | B44: Shree Cement Ltd | C44: 29.156732 | D44: 73.865416 | E44: grinding | G44: Rajasthan | H44: India | I44: operating | J44: 0 | K44: =Sheet1!$G$5 -> 0.0002223 | L44: =J44*K44 -> 0 | M44: =Sheet1!$G$2 -> 0.0001235 | N44: =J44*M44 -> 0 | O44: =Sheet1!$G$3 -> 0.0007695 | P44: =O44*J44 -> 0 | Q44: =Sheet1!$G$4 -> 0.000494 | R44: =Q44*J44 -> 0
A45: CMI-26 | B45: UltraTech Cement Ltd | C45: 24.449401 | D45: 83.039567 | E45: integrated | G45: Uttar Pradesh | H45: India | I45: operating | J45: =2.36*1000000 -> 2360000 | K45: =Sheet1!$G$5 -> 0.0002223 | L45: =J45*K45 -> 524.628 | M45: =Sheet1!$G$2 -> 0.0001235 | N45: =J45*M45 -> 291.46 | O45: =Sheet1!$G$3 -> 0.0007695 | P45: =O45*J45 -> 1816.02 | Q45: =Sheet1!$G$4 -> 0.000494 | R45: =Q45*J45 -> 1165.84
A46: CMI-27 | B46: UltraTech Cement Ltd | C46: 26.576623 | D46: 82.584652 | E46: grinding | G46: Uttar Pradesh | H46: India | I46: operating | J46: 0 | K46: =Sheet1!$G$5 -> 0.0002223 | L46: =J46*K46 -> 0 | M46: =Sheet1!$G$2 -> 0.0001235 | N46: =J46*M46 -> 0 | O46: =Sheet1!$G$3 -> 0.0007695 | P46: =O46*J46 -> 0 | Q46: =Sheet1!$G$4 -> 0.000494 | R46: =Q46*J46 -> 0
A47: CMI-28 | B47: UltraTech Cement Ltd | C47: 22.726902 | D47: 88.26913 | E47: grinding | G47: West Bengal | H47: India | I47: operating | J47: 0 | K47: =Sheet1!$G$5 -> 0.0002223 | L47: =J47*K47 -> 0 | M47: =Sheet1!$G$2 -> 0.0001235 | N47: =J47*M47 -> 0 | O47: =Sheet1!$G$3 -> 0.0007695 | P47: =O47*J47 -> 0 | Q47: =Sheet1!$G$4 -> 0.000494 | R47: =Q47*J47 -> 0
A48: CMI-29 | B48: UltraTech Cement Ltd | C48: 28.505156 | D48: 76.36704 | E48: grinding | G48: Haryana | H48: India | I48: operating | J48: 0 | K48: =Sheet1!$G$5 -> 0.0002223 | L48: =J48*K48 -> 0 | M48: =Sheet1!$G$2 -> 0.0001235 | N48: =J48*M48 -> 0 | O48: =Sheet1!$G$3 -> 0.0007695 | P48: =O48*J48 -> 0 | Q48: =Sheet1!$G$4 -> 0.000494 | R48: =Q48*J48 -> 0
A49: CMI-30 | B49: UltraTech Cement Ltd | C49: 29.289373 | D49: 76.808284 | E49: grinding | G49: Haryana | H49: India | I49: operating | J49: 0 | K49: =Sheet1!$G$5 -> 0.0002223 | L49: =J49*K49 -> 0 | M49: =Sheet1!$G$2 -> 0.0001235 | N49: =J49*M49 -> 0 | O49: =Sheet1!$G$3 -> 0.0007695 | P49: =O49*J49 -> 0 | Q49: =Sheet1!$G$4 -> 0.000494 | R49: =Q49*J49 -> 0
A50: CMI-31 | B50: UltraTech Cement Ltd | C50: 27.989507 | D50: 78.136713 | E50: grinding | G50: Uttar Pradesh | H50: India | I50: operating | J50: 0 | K50: =Sheet1!$G$5 -> 0.0002223 | L50: =J50*K50 -> 0 | M50: =Sheet1!$G$2 -> 0.0001235 | N50: =J50*M50 -> 0 | O50: =Sheet1!$G$3 -> 0.0007695 | P50: =O50*J50 -> 0 | Q50: =Sheet1!$G$4 -> 0.000494 | R50: =Q50*J50 -> 0
A51: CMI-32 | B51: UltraTech Cement Ltd | C51: 30.272417 | D51: 75.162379 | E51: grinding | G51: Punjab | H51: India | I51: operating | J51: 0 | K51: =Sheet1!$G$5 -> 0.0002223 | L51: =J51*K51 -> 0 | M51: =Sheet1!$G$2 -> 0.0001235 | N51: =J51*M51 -> 0 | O51: =Sheet1!$G$3 -> 0.0007695 | P51: =O51*J51 -> 0 | Q51: =Sheet1!$G$4 -> 0.000494 | R51: =Q51*J51 -> 0
A52: CMI-33 | B52: UltraTech Cement Ltd | C52: 23.492432 | D52: 87.362242 | E52: grinding | G52: West Bengal | H52: India | I52: operating | J52: 0 | K52: =Sheet1!$G$5 -> 0.0002223 | L52: =J52*K52 -> 0 | M52: =Sheet1!$G$2 -> 0.0001235 | N52: =J52*M52 -> 0 | O52: =Sheet1!$G$3 -> 0.0007695 | P52: =O52*J52 -> 0 | Q52: =Sheet1!$G$4 -> 0.000494 | R52: =Q52*J52 -> 0
A53: CMI-34 | B53: UltraTech Cement Ltd | C53: 28.578002 | D53: 77.592701 | E53: grinding | G53: Uttar Pradesh | H53: India | I53: operating | J53: 0 | K53: =Sheet1!$G$5 -> 0.0002223 | L53: =J53*K53 -> 0 | M53: =Sheet1!$G$2 -> 0.0001235 | N53: =J53*M53 -> 0 | O53: =Sheet1!$G$3 -> 0.0007695 | P53: =O53*J53 -> 0 | Q53: =Sheet1!$G$4 -> 0.000494 | R53: =Q53*J53 -> 0
A54: CMI-35 | B54: UltraTech Cement Ltd | C54: 25.395551 | D54: 85.292394 | E54: grinding | G54: Bihar | H54: India | I54: operating | J54: 0 | K54: =Sheet1!$G$5 -> 0.0002223 | L54: =J54*K54 -> 0 | M54: =Sheet1!$G$2 -> 0.0001235 | N54: =J54*M54 -> 0 | O54: =Sheet1!$G$3 -> 0.0007695 | P54: =O54*J54 -> 0 | Q54: =Sheet1!$G$4 -> 0.000494 | R54: =Q54*J54 -> 0
A55: CMI-36 | B55: UltraTech Cement Ltd | C55: 29.888977 | D55: 77.812058 | E55: grinding | G55: Uttarakhand | H55: India | I55: operating | J55: 0 | K55: =Sheet1!$G$5 -> 0.0002223 | L55: =J55*K55 -> 0 | M55: =Sheet1!$G$2 -> 0.0001235 | N55: =J55*M55 -> 0 | O55: =Sheet1!$G$3 -> 0.0007695 | P55: =O55*J55 -> 0 | Q55: =Sheet1!$G$4 -> 0.000494 | R55: =Q55*J55 -> 0
A56: CMI-37 | B56: Anwarzaib White Cement Ltd | C56: 25.315639 | D56: 68.215568 | E56: integrated | G56: Sindh | H56: Pakistan | I56: operating | J56: =0.05*1000000 -> 50000 | K56: =Sheet1!$G$5 -> 0.0002223 | L56: =J56*K56 -> 11.115 | M56: =Sheet1!$G$2 -> 0.0001235 | N56: =J56*M56 -> 6.175 | O56: =Sheet1!$G$3 -> 0.0007695 | P56: =O56*J56 -> 38.475 | Q56: =Sheet1!$G$4 -> 0.000494 | R56: =Q56*J56 -> 24.7
A57: CMI-38 | B57: Askari Cement Ltd | C57: 33.802044 | D57: 72.095823 | E57: integrated | G57: Khyber Pakhtunkhwa | H57: Pakistan | I57: operating | J57: =2.07*1000000 -> 2070000 | K57: =Sheet1!$G$5 -> 0.0002223 | L57: =J57*K57 -> 460.161 | M57: =Sheet1!$G$2 -> 0.0001235 | N57: =J57*M57 -> 255.645 | O57: =Sheet1!$G$3 -> 0.0007695 | P57: =O57*J57 -> 1592.865 | Q57: =Sheet1!$G$4 -> 0.000494 | R57: =Q57*J57 -> 1022.58
A58: CMI-39 | B58: UltraTech Cement Ltd | C58: 28.469413 | D58: 77.666031 | E58: grinding | G58: Uttar Pradesh | H58: India | I58: operating | J58: 0 | K58: =Sheet1!$G$5 -> 0.0002223 | L58: =J58*K58 -> 0 | M58: =Sheet1!$G$2 -> 0.0001235 | N58: =J58*M58 -> 0 | O58: =Sheet1!$G$3 -> 0.0007695 | P58: =O58*J58 -> 0 | Q58: =Sheet1!$G$4 -> 0.000494 | R58: =Q58*J58 -> 0
A59: CMP-1 | B59: Askari Cement Ltd | C59: 33.817001 | D59: 72.721614 | E59: integrated | G59: Punjab | H59: Pakistan | I59: operating | J59: =1.34*1000000 -> 1340000 | K59: =Sheet1!$G$5 -> 0.0002223 | L59: =J59*K59 -> 297.882 | M59: =Sheet1!$G$2 -> 0.0001235 | N59: =J59*M59 -> 165.49 | O59: =Sheet1!$G$3 -> 0.0007695 | P59: =O59*J59 -> 1031.13 | Q59: =Sheet1!$G$4 -> 0.000494 | R59: =Q59*J59 -> 661.96
A60: CMP-2 | B60: Bestway Cement Ltd | C60: 32.721675 | D60: 72.924369 | E60: integrated | G60: Punjab | H60: Pakistan | I60: operating | J60: =3.43*1000000 -> 3430000 | K60: =Sheet1!$G$5 -> 0.0002223 | L60: =J60*K60 -> 762.489 | M60: =Sheet1!$G$2 -> 0.0001235 | N60: =J60*M60 -> 423.605 | O60: =Sheet1!$G$3 -> 0.0007695 | P60: =O60*J60 -> 2639.385 | Q60: =Sheet1!$G$4 -> 0.000494 | R60: =Q60*J60 -> 1694.42
A61: CMP-3 | B61: Bestway Cement Ltd | C61: 33.829331 | D61: 72.831164 | E61: integrated | G61: Punjab | H61: Pakistan | I61: operating | J61: =3*1000000 -> 3000000 | K61: =Sheet1!$G$5 -> 0.0002223 | L61: =J61*K61 -> 666.9 | M61: =Sheet1!$G$2 -> 0.0001235 | N61: =J61*M61 -> 370.5 | O61: =Sheet1!$G$3 -> 0.0007695 | P61: =O61*J61 -> 2308.5 | Q61: =Sheet1!$G$4 -> 0.000494 | R61: =Q61*J61 -> 1482
A62: CMP-4 | B62: Bestway Cement Ltd | C62: 33.849229 | D62: 72.872128 | E62: integrated | G62: Khyber Pakhtunkhwa | H62: Pakistan | I62: operating | J62: =1.23*1000000 -> 1230000 | K62: =Sheet1!$G$5 -> 0.0002223 | L62: =J62*K62 -> 273.429 | M62: =Sheet1!$G$2 -> 0.0001235 | N62: =J62*M62 -> 151.905 | O62: =Sheet1!$G$3 -> 0.0007695 | P62: =O62*J62 -> 946.485 | Q62: =Sheet1!$G$4 -> 0.000494 | R62: =Q62*J62 -> 607.62
A63: CMP-5 | B63: Bestway Cement Ltd | C63: 32.717428 | D63: 72.775661 | E63: integrated | G63: Punjab | H63: Pakistan | I63: operating | J63: =2.4942*1000000 -> 2494200 | K63: =Sheet1!$G$5 -> 0.0002223 | L63: =J63*K63 -> 554.46066 | M63: =Sheet1!$G$2 -> 0.0001235 | N63: =J63*M63 -> 308.0337 | O63: =Sheet1!$G$3 -> 0.0007695 | P63: =O63*J63 -> 1919.2869 | Q63: =Sheet1!$G$4 -> 0.000494 | R63: =Q63*J63 -> 1232.1348
A64: CMP-6 | B64: D G Khan Cement Company Ltd | C64: 30.327399 | D64: 70.538435 | E64: integrated | G64: Punjab | H64: Pakistan | I64: operating | J64: =2.11*1000000 -> 2110000 | K64: =Sheet1!$G$5 -> 0.0002223 | L64: =J64*K64 -> 469.053 | M64: =Sheet1!$G$2 -> 0.0001235 | N64: =J64*M64 -> 260.585 | O64: =Sheet1!$G$3 -> 0.0007695 | P64: =O64*J64 -> 1623.645 | Q64: =Sheet1!$G$4 -> 0.000494 | R64: =Q64*J64 -> 1042.34
A65: CMP-7 | B65: D G Khan Cement Company Ltd | C65: 32.725581 | D65: 72.816963 | E65: integrated | G65: Punjab | H65: Pakistan | I65: operating | J65: =2.11*1000000 -> 2110000 | K65: =Sheet1!$G$5 -> 0.0002223 | L65: =J65*K65 -> 469.053 | M65: =Sheet1!$G$2 -> 0.0001235 | N65: =J65*M65 -> 260.585 | O65: =Sheet1!$G$3 -> 0.0007695 | P65: =O65*J65 -> 1623.645 | Q65: =Sheet1!$G$4 -> 0.000494 | R65: =Q65*J65 -> 1042.34
A66: CMP-8 | B66: D G Khan Cement Company Ltd | C66: 25.158018 | D66: 66.784087 | E66: integrated | G66: Balochistan | H66: Pakistan | I66: operating | J66: =2.84*1000000 -> 2840000 | K66: =Sheet1!$G$5 -> 0.0002223 | L66: =J66*K66 -> 631.332 | M66: =Sheet1!$G$2 -> 0.0001235 | N66: =J66*M66 -> 350.74 | O66: =Sheet1!$G$3 -> 0.0007695 | P66: =O66*J66 -> 2185.38 | Q66: =Sheet1!$G$4 -> 0.000494 | R66: =Q66*J66 -> 1402.96
A67: CMP-9 | B67: Dandot Cement Company Ltd | C67: 32.644464 | D67: 72.976899 | E67: integrated | G67: Punjab | H67: Pakistan | I67: operating | J67: =0.504*1000000 -> 504000 | K67: =Sheet1!$G$5 -> 0.0002223 | L67: =J67*K67 -> 112.0392 | M67: =Sheet1!$G$2 -> 0.0001235 | N67: =J67*M67 -> 62.244 | O67: =Sheet1!$G$3 -> 0.0007695 | P67: =O67*J67 -> 387.828 | Q67: =Sheet1!$G$4 -> 0.000494 | R67: =Q67*J67 -> 248.976
A68: CMP-10 | B68: Dewan Cement Ltd | C68: 33.856388 | D68: 72.863033 | E68: integrated | G68: Khyber Pakhtunkhwa | H68: Pakistan | I68: operating | J68: =1.39*1000000 -> 1390000 | K68: =Sheet1!$G$5 -> 0.0002223 | L68: =J68*K68 -> 308.997 | M68: =Sheet1!$G$2 -> 0.0001235 | N68: =J68*M68 -> 171.665 | O68: =Sheet1!$G$3 -> 0.0007695 | P68: =O68*J68 -> 1069.605 | Q68: =Sheet1!$G$4 -> 0.000494 | R68: =Q68*J68 -> 686.66
A69: CMP-11 | B69: Dewan Cement Ltd | C69: 24.909361 | D69: 67.474854 | E69: integrated | G69: Sindh | H69: Pakistan | I69: operating | J69: =2.08*1000000 -> 2080000 | K69: =Sheet1!$G$5 -> 0.0002223 | L69: =J69*K69 -> 462.384 | M69: =Sheet1!$G$2 -> 0.0001235 | N69: =J69*M69 -> 256.88 | O69: =Sheet1!$G$3 -> 0.0007695 | P69: =O69*J69 -> 1600.56 | Q69: =Sheet1!$G$4 -> 0.000494 | R69: =Q69*J69 -> 1027.52
A70: CMP-12 | B70: Fauji Cement Company Ltd | C70: 33.690512 | D70: 72.713367 | E70: integrated | G70: Punjab | H70: Pakistan | I70: operating | J70: =3.43*1000000 -> 3430000 | K70: =Sheet1!$G$5 -> 0.0002223 | L70: =J70*K70 -> 762.489 | M70: =Sheet1!$G$2 -> 0.0001235 | N70: =J70*M70 -> 423.605 | O70: =Sheet1!$G$3 -> 0.0007695 | P70: =O70*J70 -> 2639.385 | Q70: =Sheet1!$G$4 -> 0.000494 | R70: =Q70*J70 -> 1694.42
A71: CMP-13 | B71: Fecto Cement Ltd | C71: 33.693119 | D71: 72.859164 | E71: integrated | G71: Islamabad Capital Territory | H71: Pakistan | I71: operating | J71: =0.9*1000000 -> 900000 | K71: =Sheet1!$G$5 -> 0.0002223 | L71: =J71*K71 -> 200.07 | M71: =Sheet1!$G$2 -> 0.0001235 | N71: =J71*M71 -> 111.15 | O71: =Sheet1!$G$3 -> 0.0007695 | P71: =O71*J71 -> 692.55 | Q71: =Sheet1!$G$4 -> 0.000494 | R71: =Q71*J71 -> 444.6
A72: CMP-14 | B72: Flying Cement Co Ltd | C72: 32.574803 | D72: 72.565983 | E72: integrated | G72: Punjab | H72: Pakistan | I72: operating | J72: =0.6*1000000 -> 600000 | K72: =Sheet1!$G$5 -> 0.0002223 | L72: =J72*K72 -> 133.38 | M72: =Sheet1!$G$2 -> 0.0001235 | N72: =J72*M72 -> 74.1 | O72: =Sheet1!$G$3 -> 0.0007695 | P72: =O72*J72 -> 461.7 | Q72: =Sheet1!$G$4 -> 0.000494 | R72: =Q72*J72 -> 296.4
A73: CMP-15 | B73: Gharibwal Cement Ltd | C73: 32.726458 | D73: 73.142329 | E73: integrated | G73: Punjab | H73: Pakistan | I73: operating | J73: =2.45*1000000 -> 2450000 | K73: =Sheet1!$G$5 -> 0.0002223 | L73: =J73*K73 -> 544.635 | M73: =Sheet1!$G$2 -> 0.0001235 | N73: =J73*M73 -> 302.575 | O73: =Sheet1!$G$3 -> 0.0007695 | P73: =O73*J73 -> 1885.275 | Q73: =Sheet1!$G$4 -> 0.000494 | R73: =Q73*J73 -> 1210.3
A74: CMP-16 | B74: Cherat Cement Company Ltd | C74: 33.905264 | D74: 71.91052 | E74: integrated | G74: Khyber Pakhtunkhwa | H74: Pakistan | I74: operating | J74: =4.5*1000000 -> 4500000 | K74: =Sheet1!$G$5 -> 0.0002223 | L74: =J74*K74 -> 1000.35 | M74: =Sheet1!$G$2 -> 0.0001235 | N74: =J74*M74 -> 555.75 | O74: =Sheet1!$G$3 -> 0.0007695 | P74: =O74*J74 -> 3462.75 | Q74: =Sheet1!$G$4 -> 0.000494 | R74: =Q74*J74 -> 2223
A75: CMP-17 | B75: Kohat Cement Company Ltd | C75: 33.548053 | D75: 71.549005 | E75: integrated | G75: Khyber Pakhtunkhwa | H75: Pakistan | I75: operating | J75: =2.95*1000000 -> 2950000 | K75: =Sheet1!$G$5 -> 0.0002223 | L75: =J75*K75 -> 655.785 | M75: =Sheet1!$G$2 -> 0.0001235 | N75: =J75*M75 -> 364.325 | O75: =Sheet1!$G$3 -> 0.0007695 | P75: =O75*J75 -> 2270.025 | Q75: =Sheet1!$G$4 -> 0.000494 | R75: =Q75*J75 -> 1457.3
A76: CMP-18 | B76: Maple Leaf Cement Factory Ltd | C76: 32.907938 | D76: 71.590321 | E76: integrated | G76: Punjab | H76: Pakistan | I76: operating | J76: =4.38*1000000 -> 4380000 | K76: =Sheet1!$G$5 -> 0.0002223 | L76: =J76*K76 -> 973.674 | M76: =Sheet1!$G$2 -> 0.0001235 | N76: =J76*M76 -> 540.93 | O76: =Sheet1!$G$3 -> 0.0007695 | P76: =O76*J76 -> 3370.41 | Q76: =Sheet1!$G$4 -> 0.000494 | R76: =Q76*J76 -> 2163.72
A77: CMP-19 | B77: Lucky Cement Ltd | C77: 25.053071 | D77: 67.494014 | E77: integrated | G77: Sindh | H77: Pakistan | I77: operating | J77: =8*1000000 -> 8000000 | K77: =Sheet1!$G$5 -> 0.0002223 | L77: =J77*K77 -> 1778.4 | M77: =Sheet1!$G$2 -> 0.0001235 | N77: =J77*M77 -> 988 | O77: =Sheet1!$G$3 -> 0.0007695 | P77: =O77*J77 -> 6156 | Q77: =Sheet1!$G$4 -> 0.000494 | R77: =Q77*J77 -> 3952
A78: CMP-20 | B78: Dadabhoy Cement Industries Ltd | C78: 25.15328 | D78: 67.672503 | E78: integrated | G78: Sindh | H78: Pakistan | I78: operating | J78: =1.02*1000000 -> 1020000 | K78: =Sheet1!$G$5 -> 0.0002223 | L78: =J78*K78 -> 226.746 | M78: =Sheet1!$G$2 -> 0.0001235 | N78: =J78*M78 -> 125.97 | O78: =Sheet1!$G$3 -> 0.0007695 | P78: =O78*J78 -> 784.89 | Q78: =Sheet1!$G$4 -> 0.000494 | R78: =Q78*J78 -> 503.88
A79: CMP-21 | B79: Attock Cement Pakistan Ltd | C79: 25.139196 | D79: 66.914996 | E79: integrated | G79: Balochistan | H79: Pakistan | I79: operating | J79: =3*1000000 -> 3000000 | K79: =Sheet1!$G$5 -> 0.0002223 | L79: =J79*K79 -> 666.9 | M79: =Sheet1!$G$2 -> 0.0001235 | N79: =J79*M79 -> 370.5 | O79: =Sheet1!$G$3 -> 0.0007695 | P79: =O79*J79 -> 2308.5 | Q79: =Sheet1!$G$4 -> 0.000494 | R79: =Q79*J79 -> 1482
A80: CMP-22 | B80: Pioneer Cement Ltd | C80: 32.387991 | D80: 72.14237 | E80: integrated | G80: Punjab | H80: Pakistan | I80: operating | J80: =1.3*1000000 -> 1300000 | K80: =Sheet1!$G$5 -> 0.0002223 | L80: =J80*K80 -> 288.99 | M80: =Sheet1!$G$2 -> 0.0001235 | N80: =J80*M80 -> 160.55 | O80: =Sheet1!$G$3 -> 0.0007695 | P80: =O80*J80 -> 1000.35 | Q80: =Sheet1!$G$4 -> 0.000494 | R80: =Q80*J80 -> 642.2
A81: CMP-23 | B81: Power Cement Ltd | C81: 25.154011 | D81: 67.703129 | E81: integrated | G81: Sindh | H81: Pakistan | I81: operating | J81: =0.6*1000000 -> 600000 | K81: =Sheet1!$G$5 -> 0.0002223 | L81: =J81*K81 -> 133.38 | M81: =Sheet1!$G$2 -> 0.0001235 | N81: =J81*M81 -> 74.1 | O81: =Sheet1!$G$3 -> 0.0007695 | P81: =O81*J81 -> 461.7 | Q81: =Sheet1!$G$4 -> 0.000494 | R81: =Q81*J81 -> 296.4
A82: CMP-24 | B82: Rohri Cement Factory Pvt Ltd | C82: 27.669985 | D82: 68.891452 | E82: integrated | G82: Sindh | H82: Pakistan | I82: operating | J82: =1.8*1000000 -> 1800000 | K82: =Sheet1!$G$5 -> 0.0002223 | L82: =J82*K82 -> 400.14 | M82: =Sheet1!$G$2 -> 0.0001235 | N82: =J82*M82 -> 222.3 | O82: =Sheet1!$G$3 -> 0.0007695 | P82: =O82*J82 -> 1385.1 | Q82: =Sheet1!$G$4 -> 0.000494 | R82: =Q82*J82 -> 889.2
A83: CMP-25 | B83: Thatta Cement Company Ltd | C83: 24.648057 | D83: 67.843569 | E83: integrated | G83: Sindh | H83: Pakistan | I83: operating | J83: =0.675*1000000 -> 675000 | K83: =Sheet1!$G$5 -> 0.0002223 | L83: =J83*K83 -> 150.0525 | M83: =Sheet1!$G$2 -> 0.0001235 | N83: =J83*M83 -> 83.3625 | O83: =Sheet1!$G$3 -> 0.0007695 | P83: =O83*J83 -> 519.4125 | Q83: =Sheet1!$G$4 -> 0.000494 | R83: =Q83*J83 -> 333.45
A84: CMP-26 | B84: Zeal Pak Cement Factory Ltd | C84: 25.34692 | D84: 68.396246 | E84: integrated | G84: Sindh | H84: Pakistan | I84: operating | J84: =0.576*1000000 -> 576000 | K84: =Sheet1!$G$5 -> 0.0002223 | L84: =J84*K84 -> 128.0448 | M84: =Sheet1!$G$2 -> 0.0001235 | N84: =J84*M84 -> 71.136 | O84: =Sheet1!$G$3 -> 0.0007695 | P84: =O84*J84 -> 443.232 | Q84: =Sheet1!$G$4 -> 0.000494 | R84: =Q84*J84 -> 284.544
A85: CMP-27 | B85: N/A | C85: 24.44605 | D85: 83.075826 | E85: integrated | G85: Uttar Pradesh | H85: India | I85: operating | J85: =1.59*1000000 -> 1590000 | K85: =Sheet1!$G$5 -> 0.0002223 | L85: =J85*K85 -> 353.457 | M85: =Sheet1!$G$2 -> 0.0001235 | N85: =J85*M85 -> 196.365 | O85: =Sheet1!$G$3 -> 0.0007695 | P85: =O85*J85 -> 1223.505 | Q85: =Sheet1!$G$4 -> 0.000494 | R85: =Q85*J85 -> 785.46
A86: CMP-28 | B86: N/A | C86: 24.63924 | D86: 83.101967 | E86: integrated | G86: Uttar Pradesh | H86: India | I86: operating | J86: 0 | K86: =Sheet1!$G$5 -> 0.0002223 | L86: =J86*K86 -> 0 | M86: =Sheet1!$G$2 -> 0.0001235 | N86: =J86*M86 -> 0 | O86: =Sheet1!$G$3 -> 0.0007695 | P86: =O86*J86 -> 0 | Q86: =Sheet1!$G$4 -> 0.000494 | R86: =Q86*J86 -> 0
A87: CMP-29 | B87: N/A | C87: 25.087704 | D87: 82.902584 | E87: grinding | G87: Uttar Pradesh | H87: India | I87: operating | J87: 0 | K87: =Sheet1!$G$5 -> 0.0002223 | L87: =J87*K87 -> 0 | M87: =Sheet1!$G$2 -> 0.0001235 | N87: =J87*M87 -> 0 | O87: =Sheet1!$G$3 -> 0.0007695 | P87: =O87*J87 -> 0 | Q87: =Sheet1!$G$4 -> 0.000494 | R87: =Q87*J87 -> 0
A88: CMP-30 | B88: N/A | C88: 25.229553 | D88: 81.781506 | E88: grinding | G88: Uttar Pradesh | H88: India | I88: operating | J88: 0 | K88: =Sheet1!$G$5 -> 0.0002223 | L88: =J88*K88 -> 0 | M88: =Sheet1!$G$2 -> 0.0001235 | N88: =J88*M88 -> 0 | O88: =Sheet1!$G$3 -> 0.0007695 | P88: =O88*J88 -> 0 | Q88: =Sheet1!$G$4 -> 0.000494 | R88: =Q88*J88 -> 0
A89: CMP-31 | B89: N/A | C89: 22.392435 | D89: 87.015888 | E89: grinding | G89: West Bengal | H89: India | I89: operating | J89: 0 | K89: =Sheet1!$G$5 -> 0.0002223 | L89: =J89*K89 -> 0 | M89: =Sheet1!$G$2 -> 0.0001235 | N89: =J89*M89 -> 0 | O89: =Sheet1!$G$3 -> 0.0007695 | P89: =O89*J89 -> 0 | Q89: =Sheet1!$G$4 -> 0.000494 | R89: =Q89*J89 -> 0
A90: CMP-32 | B90: N/A | C90: 27.960795 | D90: 78.08159 | E90: grinding | G90: Uttar Pradesh | H90: India | I90: operating | J90: 0 | K90: =Sheet1!$G$5 -> 0.0002223 | L90: =J90*K90 -> 0 | M90: =Sheet1!$G$2 -> 0.0001235 | N90: =J90*M90 -> 0 | O90: =Sheet1!$G$3 -> 0.0007695 | P90: =O90*J90 -> 0 | Q90: =Sheet1!$G$4 -> 0.000494 | R90: =Q90*J90 -> 0
A91: CMP-33 | B91: N/A | C91: 23.718837 | D91: 86.954305 | E91: grinding | G91: West Bengal | H91: India | I91: operating | J91: 0 | K91: =Sheet1!$G$5 -> 0.0002223 | L91: =J91*K91 -> 0 | M91: =Sheet1!$G$2 -> 0.0001235 | N91: =J91*M91 -> 0 | O91: =Sheet1!$G$3 -> 0.0007695 | P91: =O91*J91 -> 0 | Q91: =Sheet1!$G$4 -> 0.000494 | R91: =Q91*J91 -> 0

Sheet Sheet1
A1: Pollutant | B1: EF_clinker | C1: Unit | D1: Type | E1: Clinker factor* | F1: EF_cement (g/tonnes of cement) | G1: EF_cement (tonnes of pollutant/tonnes of cement) | H1: Notes
A2: PM2.5 | B2: 130 | C2: g/tonnes | D2: Grinding | E2: 0.95 | F2: =E2*B2 -> 123.5 | G2: =F2/1000000 -> 0.0001235
A3: SO2** | B3: 810 | C3: g/tonnes | D3: Grinding | E3: 0.95 | F3: =E3*B3 -> 769.5 | G3: =F3/1000000 -> 0.0007695
A4: NOx** | B4: 520 | C4: g/tonnes | D4: Grinding | E4: 0.95 | F4: =E4*B4 -> 494 | G4: =F4/1000000 -> 0.000494
A5: PM10 | B5: 234 | C5: g/tonnes | D5: Grinding | E5: 0.95 | F5: =E5*B5 -> 222.3 | G5: =F5/1000000 -> 0.0002223
A6: TSP | B6: 260 | C6: g/tonnes | D6: Grinding | E6: 0.95 | F6: =E6*B6 -> 247 | G6: =F6/1000000 -> 0.000247
A7: BC | B7: 3 | C7: g/tonnes | D7: Grinding | E7: 0.95 | F7: =E7*B7 -> 2.85 | G7: =F7/1000000 -> 2.85e-06
A8: *Clinker factor: ratio of clinker mass to cement mass
A9: ** Median values used from Best available techniques
A10: Source: PM2.5, PM10, TSP, BC | B10: https://www.eea.europa.eu/en/analysis/publications/emep-eea-guidebook-2023/part-b-sectoral-guidance-chapters/2-industrial-processes-and-product-use/2-a-mineral-products/2-a-1-cement-production-2023/@@download/file | J10: 1000000
A11: Source: Best available techniques for SO2 and NOx | B11: https://unece.org/fileadmin/DAM/env/documents/2020/AIR/WGSR/TFTEI_Cement_final_document-december-2020.pdf
