Workbook

Sheet Brick_Kilns_PK-Main_coal
A1: id | B1: lat | C1: lon | D1: type | E1: fuel | F1: state | G1: country | H1: status | I1: capacity_tonnes | J1: emfpm10 | K1: pm10_t_yr | L1: emfpm25 | M1: pm25_t_yr | N1: emfso2 | O1: so2_t_yr | P1: emfnox | Q1: Nox_t_yr | R1: source
A2: BKP-1 | B2: 26.133092 | C2: 68.565789 | D2: FCBK | E2: coal | F2: Sindh | G2: Pakistan | H2: operating | I2: =(Sheet1!$B$12)*(Sheet1!$B$11)*(Sheet1!$B$14) -> 7498.125 | J2: =IF(D2="ZZ",Sheet1!$E$5*(0.75),Sheet1!$E$5) -> 0.0097 | K2: =I2*J2 -> 72.731812 | L2: =IF(D2="ZZ",Sheet1!$E$2*(0.75),Sheet1!$E$2) -> 0.0068 | M2: =I2*L2 -> 50.98725 | N2: =IF(D2="ZZ",Sheet1!$E$3*(0.75),Sheet1!$E$3) -> 0.0046 | O2: =I2*N2 -> 34.491375 | P2: =IF(D2="ZZ",Sheet1!$E$4*(0.75),Sheet1!$E$4) -> 0.0047 | Q2: =P2*I2 -> 35.241188 | R2: APAD
A3: BKP-2 | B3: 26.131069 | C3: 68.559271 | D3: FCBK | E3: coal | F3: Sindh | G3: Pakistan | H3: operating | I3: =(Sheet1!$B$12)*(Sheet1!$B$11)*(Sheet1!$B$14) -> 7498.125 | J3: =IF(D3="ZZ",Sheet1!$E$5*(0.75),Sheet1!$E$5) -> 0.0097 | K3: =I3*J3 -> 72.731812 | L3: =IF(D3="ZZ",Sheet1!$E$2*(0.75),Sheet1!$E$2) -> 0.0068 | M3: =I3*L3 -> 50.98725 | N3: =IF(D3="ZZ",Sheet1!$E$3*(0.75),Sheet1!$E$3) -> 0.0046 | O3: =I3*N3 -> 34.491375 | P3: =IF(D3="ZZ",Sheet1!$E$4*(0.75),Sheet1!$E$4) -> 0.0047 | Q3: =P3*I3 -> 35.241188 | R3: APAD
A4: BKP-3 | B4: 26.139061 | C4: 68.564912 | D4: FCBK | E4: coal | F4: Sindh | G4: Pakistan | H4: operating | I4: =(Sheet1!$B$12)*(Sheet1!$B$11)*(Sheet1!$B$14) -> 7498.125 | J4: =IF(D4="ZZ",Sheet1!$E$5*(0.75),Sheet1!$E$5) -> 0.0097 | K4: =I4*J4 -> 72.731812 | L4: =IF(D4="ZZ",Sheet1!$E$2*(0.75),Sheet1!$E$2) -> 0.0068 | M4: =I4*L4 -> 50.98725 | N4: =IF(D4="ZZ",Sheet1!$E$3*(0.75),Sheet1!$E$3) -> 0.0046 | O4: =I4*N4 -> 34.491375 | P4: =IF(D4="ZZ",Sheet1!$E$4*(0.75),Sheet1!$E$4) -> 0.0047 | Q4: =P4*I4 -> 35.241188 | R4: APAD
A5: BKP-4 | B5: 26.132216 | C5: 68.572884 | D5: FCBK | E5: coal | F5: Sindh | G5: Pakistan | H5: operating | I5: =(Sheet1!$B$12)*(Sheet1!$B$11)*(Sheet1!$B$14) -> 7498.125 | J5: =IF(D5="ZZ",Sheet1!$E$5*(0.75),Sheet1!$E$5) -> 0.0097 | K5: =I5*J5 -> 72.731812 | L5: =IF(D5="ZZ",Sheet1!$E$2*(0.75),Sheet1!$E$2) -> 0.0068 | M5: =I5*L5 -> 50.98725 | N5: =IF(D5="ZZ",Sheet1!$E$3*(0.75),Sheet1!$E$3) -> 0.0046 | O5: =I5*N5 -> 34.491375 | P5: =IF(D5="ZZ",Sheet1!$E$4*(0.75),Sheet1!$E$4) -> 0.0047 | Q5: =P5*I5 -> 35.241188 | R5: APAD
A6: BKP-5 | B6: 26.129035 | C6: 68.576938 | D6: FCBK | E6: coal | F6: Sindh | G6: Pakistan | H6: operating | I6: =(Sheet1!$B$12)*(Sheet1!$B$11)*(Sheet1!$B$14) -> 7498.125 | J6: =IF(D6="ZZ",Sheet1!$E$5*(0.75),Sheet1!$E$5) -> 0.0097 | K6: =I6*J6 -> 72.731812 | L6: =IF(D6="ZZ",Sheet1!$E$2*(0.75),Sheet1!$E$2) -> 0.0068 | M6: =I6*L6 -> 50.98725 | N6: =IF(D6="ZZ",Sheet1!$E$3*(0.75),Sheet1!$E$3) -> 0.0046 | O6: =I6*N6 -> 34.491375 | P6: =IF(D6="ZZ",Sheet1!$E$4*(0.75),Sheet1!$E$4) -> 0.0047 | Q6: =P6*I6 -> 35.241188 | R6: APAD
A7: BKP-6 | B7: 26.125522 | C7: 68.580051 | D7: FCBK | E7: coal | F7: Sindh | G7: Pakistan | H7: operating | I7: =(Sheet1!$B$12)*(Sheet1!$B$11)*(Sheet1!$B$14) -> 7498.125 | J7: =IF(D7="ZZ",Sheet1!$E$5*(0.75),Sheet1!$E$5) -> 0.0097 | K7: =I7*J7 -> 72.731812 | L7: =IF(D7="ZZ",Sheet1!$E$2*(0.75),Sheet1!$E$2) -> 0.0068 | M7: =I7*L7 -> 50.98725 | N7: =IF(D7="ZZ",Sheet1!$E$3*(0.75),Sheet1!$E$3) -> 0.0046 | O7: =I7*N7 -> 34.491375 | P7: =IF(D7="ZZ",Sheet1!$E$4*(0.75),Sheet1!$E$4) -> 0.0047 | Q7: =P7*I7 -> 35.241188 | R7: APAD
A8: BKP-7 | B8: 26.132307 | C8: 68.580214 | D8: FCBK | E8: coal | F8: Sindh | G8: Pakistan | H8: operating | I8: =(Sheet1!$B$12)*(Sheet1!$B$11)*(Sheet1!$B$14) -> 7498.125 | J8: =IF(D8="ZZ",Sheet1!$E$5*(0.75),Sheet1!$E$5) -> 0.0097 | K8: =I8*J8 -> 72.731812 | L8: =IF(D8="ZZ",Sheet1!$E$2*(0.75),Sheet1!$E$2) -> 0.0068 | M8: =I8*L8 -> 50.98725 | N8: =IF(D8="ZZ",Sheet1!$E$3*(0.75),Sheet1!$E$3) -> 0.0046 | O8: =I8*N8 -> 34.491375 | P8: =IF(D8="ZZ",Sheet1!$E$4*(0.75),Sheet1!$E$4) -> 0.0047 | Q8: =P8*I8 -> 35.241188 | R8: APAD
A9: BKP-8 | B9: 26.132829 | C9: 68.585592 | D9: FCBK | E9: coal | F9: Sindh | G9: Pakistan | H9: operating | I9: =(Sheet1!$B$12)*(Sheet1!$B$11)*(Sheet1!$B$14) -> 7498.125 | J9: =IF(D9="ZZ",Sheet1!$E$5*(0.75),Sheet1!$E$5) -> 0.0097 | K9: =I9*J9 -> 72.731812 | L9: =IF(D9="ZZ",Sheet1!$E$2*(0.75),Sheet1!$E$2) -> 0.0068 | M9: =I9*L9 -> 50.98725 | N9: =IF(D9="ZZ",Sheet1!$E$3*(0.75),Sheet1!$E$3) -> 0.0046 | O9: =I9*N9 -> 34.491375 | P9: =IF(D9="ZZ",Sheet1!$E$4*(0.75),Sheet1!$E$4) -> 0.0047 | Q9: =P9*I9 -> 35.241188 | R9: APAD
A10: BKP-9 | B10: 26.133931 | C10: 68.598711 | D10: FCBK | E10: coal | F10: Sindh | G10: Pakistan | H10: operating | I10: =(Sheet1!$B$12)*(Sheet1!$B$11)*(Sheet1!$B$14) -> 7498.125 | J10: =IF(D10="ZZ",Sheet1!$E$5*(0.75),Sheet1!$E$5) -> 0.0097 | K10: =I10*J10 -> 72.731812 | L10: =IF(D10="ZZ",Sheet1!$E$2*(0.75),Sheet1!$E$2) -> 0.0068 | M10: =I10*L10 -> 50.98725 | N10: =IF(D10="ZZ",Sheet1!$E$3*(0.75),Sheet1!$E$3) -> 0.0046 | O10: =I10*N10 -> 34.491375 | P10: =IF(D10="ZZ",Sheet1!$E$4*(0.75),Sheet1!$E$4) -> 0.0047 | Q10: =P10*I10 -> 35.241188 | R10: APAD
A11: BKP-10 | B11: 26.132541 | C11: 68.59972 | D11: FCBK | E11: coal | F11: Sindh | G11: Pakistan | H11: operating | I11: =(Sheet1!$B$12)*(Sheet1!$B$11)*(Sheet1!$B$14) -> 7498.125 | J11: =IF(D11="ZZ",Sheet1!$E$5*(0.75),Sheet1!$E$5) -> 0.0097 | K11: =I11*J11 -> 72.731812 | L11: =IF(D11="ZZ",Sheet1!$E$2*(0.75),Sheet1!$E$2) -> 0.0068 | M11: =I11*L11 -> 50.98725 | N11: =IF(D11="ZZ",Sheet1!$E$3*(0.75),Sheet1!$E$3) -> 0.0046 | O11: =I11*N11 -> 34.491375 | P11: =IF(D11="ZZ",Sheet1!$E$4*(0.75),Sheet1!$E$4) -> 0.0047 | Q11: =P11*I11 -> 35.241188 | R11: APAD
A12: BKP-11 | B12: 26.204958 | C12: 68.640557 | D12: FCBK | E12: coal | F12: Sindh | G12: Pakistan | H12: operating | I12: =(Sheet1!$B$12)*(Sheet1!$B$11)*(Sheet1!$B$14) -> 7498.125 | J12: =IF(D12="ZZ",Sheet1!$E$5*(0.75),Sheet1!$E$5) -> 0.0097 | K12: =I12*J12 -> 72.731812 | L12: =IF(D12="ZZ",Sheet1!$E$2*(0.75),Sheet1!$E$2) -> 0.0068 | M12: =I12*L12 -> 50.98725 | N12: =IF(D12="ZZ",Sheet1!$E$3*(0.75),Sheet1!$E$3) -> 0.0046 | O12: =I12*N12 -> 34.491375 | P12: =IF(D12="ZZ",Sheet1!$E$4*(0.75),Sheet1!$E$4) -> 0.0047 | Q12: =P12*I12 -> 35.241188 | R12: APAD
A13: BKP-12 | B13: 26.105802 | C13: 68.196691 | D13: FCBK | E13: coal | F13: Sindh | G13: Pakistan | H13: operating | I13: =(Sheet1!$B$12)*(Sheet1!$B$11)*(Sheet1!$B$14) -> 7498.125 | J13: =IF(D13="ZZ",Sheet1!$E$5*(0.75),Sheet1!$E$5) -> 0.0097 | K13: =I13*J13 -> 72.731812 | L13: =IF(D13="ZZ",Sheet1!$E$2*(0.75),Sheet1!$E$2) -> 0.0068 | M13: =I13*L13 -> 50.98725 | N13: =IF(D13="ZZ",Sheet1!$E$3*(0.75),Sheet1!$E$3) -> 0.0046 | O13: =I13*N13 -> 34.491375 | P13: =IF(D13="ZZ",Sheet1!$E$4*(0.75),Sheet1!$E$4) -> 0.0047 | Q13: =P13*I13 -> 35.241188 | R13: APAD
... A11273: BKP-11272 | B11273: 29.104977 | C11273: 71.267273 | D11273: FCBK | E11273: coal | F11273: Punjab | G11273: Pakistan | H11273: operating | I11273: =(Sheet1!$B$12)*(Sheet1!$B$11)*(Sheet1!$B$14) -> 7498.125 | J11273: =IF(D11273="ZZ",Sheet1!$E$5*(0.75),Sheet1!$E$5) -> 0.0097 | K11273: =I11273*J11273 -> 72.731812 | L11273: =IF(D11273="ZZ",Sheet1!$E$2*(0.75),Sheet1!$E$2) -> 0.0068 | M11273: =I11273*L11273 -> 50.98725 | N11273: =IF(D11273="ZZ",Sheet1!$E$3*(0.75),Sheet1!$E$3) -> 0.0046 | O11273: =I11273*N11273 -> 34.491375 | P11273: =IF(D11273="ZZ",Sheet1!$E$4*(0.75),Sheet1!$E$4) -> 0.0047 | Q11273: =P11273*I11273 -> 35.241188 | R11273: APAD

Sheet Sheet1
A1: Pollutant | B1: fuel | C1: EF | D1: Unit | E1: EF normalised (tonnes of pollutant/tonnes of production) | F1: Notes
A2: PM2.5 | B2: coal | C2: 6.8 | D2: gram/000 grams | E2: =C2/1000 -> 0.0068
A3: SO2 | B3: coal | C3: 4.6 | D3: gram/000 grams | E3: =C3/1000 -> 0.0046
A4: NOx | B4: coal | C4: 4.7 | D4: gram/000 grams | E4: =C4/1000 -> 0.0047
A5: PM10 | B5: coal | C5: 9.7 | D5: gram/000 grams | E5: =C5/1000 -> 0.0097
A6: PM2.5 | B6: biomass | C6: 0.404 | D6: gram/000 grams | E6: =C6/1000 -> 0.000404
A7: SO2 | B7: biomass | C7: 3.19 | D7: gram/000 grams | E7: =C7/1000 -> 0.00319
A8: NOx | B8: biomass | C8: 0.72 | D8: gram/000 grams | E8: =C8/1000 -> 0.00072
A9: PM10 | B9: biomass | C9: 0.404 | D9: gram/000 grams | E9: =(C9/1000)*1.85 -> 0.0007474 | F9: We use a 1.85 factor to multiply with the value of PM2.5 for PM10
A10: attributes | B10: values | C10: Reference | F10: 65%:35% for PM10: PM2.5 -> As the paper suggest a ratio between the two pollutants
A11: working days(annual) | B11: 215 | C11: Visit the readme file in the github repo
A12: weight/kiln(tonnes) | B12: =3*0.001 -> 0.003 | C12: Visit the readme file in the github repo
A13: seasonal production(bricks/day)_ind | B13: 11635 | C13: Visit the readme file in the github repo
A14: seasonal production(bricks/day)_pak | B14: 11625 | C14: Visit the readme file in the github repo
A15: seasonal production(bricks/day)_ban | B15: 13778 | C15: Visit the readme file in the github repo
A16: Emission factors | B16: Available in the table above | C16: Rajarathnam, U., Athalye, V., Ragavan, S., Maithel, S., Lalchandani, D., Kumar, S., Ellen, B., Cheryl, W., & Bond, T. (2014). Assessment of air pollutant emissions from brick kilns. Atmospheric Environment, 98, 549-553.
C17: https://www.yumpu.com/en/document/read/8885092/brick-kilns-performance-assessment-a-roadmap-for-unep
B19: This give the 9.7 value for coal that you use so we good | C19: https://cobenefit.org/cop18/pdf/DRI/2012-10-AQAH-Brick-Kilns-in-Dhaka.pdf
B20: Particle size distribution is here on the paper on the right | C20: https://pubs.acs.org/doi/10.1021/es500186g
B21: See Table 2 and Table S8 (to improve operational estimates) by downloading Supplementary information for average emission factors, actually add CO as well,
