Workbook

Sheet steel_plants_main
A1: id | B1: name | C1: lat | D1: lon | E1: type | F1: fuel | G1: region | H1: country | I1: status | J1: capacity_tonnes | K1: emfpm10 | L1: pm10_t_yr | M1: emfpm25 | N1: pm25_t_yr | O1: emfso2 | P1: so2_t_yr | Q1: emfnox | R1: nox_t_yr
A2: SPB-1 | B2: Abul Khair Ltd | C2: 22.444118 | D2: 91.740169 | E2: Downstream | G2: Chittagong Division | H2: Bangladesh | I2: Operating | J2: 750000 | K2: =Sheet1!$D$5 -> 0.00381 | L2: =J2*K2 -> 2857.5 | M2: =Sheet1!$D$2 -> 0.00251 | N2: =J2*M2 -> 1882.5 | O2: =Sheet1!$D$3 -> 0.00144 | P2: =J2*O2 -> 1080 | Q2: =Sheet1!$D$4 -> 0.00047 | R2: =Q2*J2 -> 352.5
A3: SPB-2 | B3: Abul Khair Ltd | C3: 22.472008 | D3: 91.734827 | E3: Mini-Mill | G3: Chittagong Division | H3: Bangladesh | I3: Operating | J3: 1400000 | K3: =Sheet1!$D$5 -> 0.00381 | L3: =J3*K3 -> 5334 | M3: =Sheet1!$D$2 -> 0.00251 | N3: =J3*M3 -> 3514 | O3: =Sheet1!$D$3 -> 0.00144 | P3: =J3*O3 -> 2016 | Q3: =Sheet1!$D$4 -> 0.00047 | R3: =Q3*J3 -> 658
A4: SPB-3 | B4: BSRM Steels Ltd | C4: 22.38106 | D4: 91.76862 | E4: Downstream | G4: Chittagong Division | H4: Bangladesh | I4: Operating | K4: =Sheet1!$D$5 -> 0.00381 | L4: =J4*K4 -> 0 | M4: =Sheet1!$D$2 -> 0.00251 | N4: =J4*M4 -> 0 | O4: =Sheet1!$D$3 -> 0.00144 | P4: =J4*O4 -> 0 | Q4: =Sheet1!$D$4 -> 0.00047 | R4: =Q4*J4 -> 0
A5: SPB-4 | B5: BSRM Steels Ltd | C5: 22.383964 | D5: 91.81024 | E5: Downstream | G5: Chittagong Division | H5: Bangladesh | I5: Operating | J5: 450000 | K5: =Sheet1!$D$5 -> 0.00381 | L5: =J5*K5 -> 1714.5 | M5: =Sheet1!$D$2 -> 0.00251 | N5: =J5*M5 -> 1129.5 | O5: =Sheet1!$D$3 -> 0.00144 | P5: =J5*O5 -> 648 | Q5: =Sheet1!$D$4 -> 0.00047 | R5: =Q5*J5 -> 211.5
A6: SPB-5 | B6: BSRM Steels Ltd | C6: 22.87176 | D6: 91.546568 | E6: Mini-Mill | G6: Chittagong Division | H6: Bangladesh | I6: Operating | J6: 700000 | K6: =Sheet1!$D$5 -> 0.00381 | L6: =J6*K6 -> 2667 | M6: =Sheet1!$D$2 -> 0.00251 | N6: =J6*M6 -> 1757 | O6: =Sheet1!$D$3 -> 0.00144 | P6: =J6*O6 -> 1008 | Q6: =Sheet1!$D$4 -> 0.00047 | R6: =Q6*J6 -> 329
A7: SPB-6 | B7: KY Steel | C7: 22.499834 | D7: 91.715778 | G7: Chittagong Division | H7: Bangladesh | I7: Operating | K7: =Sheet1!$D$5 -> 0.00381 | L7: =J7*K7 -> 0 | M7: =Sheet1!$D$2 -> 0.00251 | N7: =J7*M7 -> 0 | O7: =Sheet1!$D$3 -> 0.00144 | P7: =J7*O7 -> 0 | Q7: =Sheet1!$D$4 -> 0.00047 | R7: =Q7*J7 -> 0
A8: SPB-7 | B8: Kabir Steel Rolling Mills (KSRM) | C8: 22.501431 | D8: 91.714041 | G8: Chittagong Division | H8: Bangladesh | I8: Operating | J8: 800000 | K8: =Sheet1!$D$5 -> 0.00381 | L8: =J8*K8 -> 3048 | M8: =Sheet1!$D$2 -> 0.00251 | N8: =J8*M8 -> 2008 | O8: =Sheet1!$D$3 -> 0.00144 | P8: =J8*O8 -> 1152 | Q8: =Sheet1!$D$4 -> 0.00047 | R8: =Q8*J8 -> 376
A9: SPB-8 | B9: GPH Steel | C9: 22.536569 | D9: 91.700729 | G9: Chittagong Division | H9: Bangladesh | I9: Operating | J9: 1051000 | K9: =Sheet1!$D$5 -> 0.00381 | L9: =J9*K9 -> 4004.31 | M9: =Sheet1!$D$2 -> 0.00251 | N9: =J9*M9 -> 2638.01 | O9: =Sheet1!$D$3 -> 0.00144 | P9: =J9*O9 -> 1513.44 | Q9: =Sheet1!$D$4 -> 0.00047 | R9: =Q9*J9 -> 493.97
A10: SPI-1 | B10: Jindal Stainless Ltd | C10: 29.127253 | D10: 75.773075 | G10: Haryana | H10: India | I10: Operating | K10: =Sheet1!$D$5 -> 0.00381 | L10: =J10*K10 -> 0 | M10: =Sheet1!$D$2 -> 0.00251 | N10: =J10*M10 -> 0 | O10: =Sheet1!$D$3 -> 0.00144 | P10: =J10*O10 -> 0 | Q10: =Sheet1!$D$4 -> 0.00047 | R10: =Q10*J10 -> 0
A11: SPI-2 | B11: KR Steel Union Ltd | C11: 22.976512 | D11: 88.46118 | G11: West Bengal | H11: India | I11: Operating | K11: =Sheet1!$D$5 -> 0.00381 | L11: =J11*K11 -> 0 | M11: =Sheet1!$D$2 -> 0.00251 | N11: =J11*M11 -> 0 | O11: =Sheet1!$D$3 -> 0.00144 | P11: =J11*O11 -> 0 | Q11: =Sheet1!$D$4 -> 0.00047 | R11: =Q11*J11 -> 0
A12: SPI-3 | B12: Orissa Metaliks Pvt Ltd | C12: 22.378355 | D12: 87.281773 | E12: Integrated | G12: West Bengal | H12: India | I12: Operating | J12: =0.99*1000000 -> 990000 | K12: =Sheet1!$D$5 -> 0.00381 | L12: =J12*K12 -> 3771.9 | M12: =Sheet1!$D$2 -> 0.00251 | N12: =J12*M12 -> 2484.9 | O12: =Sheet1!$D$3 -> 0.00144 | P12: =J12*O12 -> 1425.6 | Q12: =Sheet1!$D$4 -> 0.00047 | R12: =Q12*J12 -> 465.3
A13: SPI-4 | B13: Steel Authority of India Ltd | C13: 23.665198 | D13: 86.917455 | E13: Integrated | G13: West Bengal | H13: India | I13: Operating | K13: =Sheet1!$D$5 -> 0.00381 | L13: =J13*K13 -> 0 | M13: =Sheet1!$D$2 -> 0.00251 | N13: =J13*M13 -> 0 | O13: =Sheet1!$D$3 -> 0.00144 | P13: =J13*O13 -> 0 | Q13: =Sheet1!$D$4 -> 0.00047 | R13: =Q13*J13 -> 0
A14: SPI-5 | B14: Steel Authority of India Ltd | C14: 23.546442 | D14: 87.249552 | E14: Integrated | G14: West Bengal | H14: India | I14: Operating | K14: =Sheet1!$D$5 -> 0.00381 | L14: =J14*K14 -> 0 | M14: =Sheet1!$D$2 -> 0.00251 | N14: =J14*M14 -> 0 | O14: =Sheet1!$D$3 -> 0.00144 | P14: =J14*O14 -> 0 | Q14: =Sheet1!$D$4 -> 0.00047 | R14: =Q14*J14 -> 0
A15: SPI-6 | B15: Steel Authority of India Ltd | C15: 23.522882 | D15: 87.275935 | G15: West Bengal | H15: India | I15: Operating | K15: =Sheet1!$D$5 -> 0.00381 | L15: =J15*K15 -> 0 | M15: =Sheet1!$D$2 -> 0.00251 | N15: =J15*M15 -> 0 | O15: =Sheet1!$D$3 -> 0.00144 | P15: =J15*O15 -> 0 | Q15: =Sheet1!$D$4 -> 0.00047 | R15: =Q15*J15 -> 0
A16: SPI-7 | B16: Tata Steel Ltd | C16: 22.385611 | D16: 87.287179 | E16: Integrated | G16: West Bengal | H16: India | I16: Operating | K16: =Sheet1!$D$5 -> 0.00381 | L16: =J16*K16 -> 0 | M16: =Sheet1!$D$2 -> 0.00251 | N16: =J16*M16 -> 0 | O16: =Sheet1!$D$3 -> 0.00144 | P16: =J16*O16 -> 0 | Q16: =Sheet1!$D$4 -> 0.00047 | R16: =Q16*J16 -> 0
A17: SPI-8 | B17: Tata Steel Ltd | C17: 28.648921 | D17: 77.331907 | G17: Uttar Pradesh | H17: India | I17: Operating | K17: =Sheet1!$D$5 -> 0.00381 | L17: =J17*K17 -> 0 | M17: =Sheet1!$D$2 -> 0.00251 | N17: =J17*M17 -> 0 | O17: =Sheet1!$D$3 -> 0.00144 | P17: =J17*O17 -> 0 | Q17: =Sheet1!$D$4 -> 0.00047 | R17: =Q17*J17 -> 0
A18: SPI-9 | B18: Usha Martin Ltd | C18: 31.583478 | D18: 75.95079 | G18: Punjab | H18: India | I18: Operating | K18: =Sheet1!$D$5 -> 0.00381 | L18: =J18*K18 -> 0 | M18: =Sheet1!$D$2 -> 0.00251 | N18: =J18*M18 -> 0 | O18: =Sheet1!$D$3 -> 0.00144 | P18: =J18*O18 -> 0 | Q18: =Sheet1!$D$4 -> 0.00047 | R18: =Q18*J18 -> 0
A19: SPI-10 | C19: 26.581306 | D19: 80.560423 | G19: Uttar Pradesh | H19: India | I19: Operating | K19: =Sheet1!$D$5 -> 0.00381 | L19: =J19*K19 -> 0 | M19: =Sheet1!$D$2 -> 0.00251 | N19: =J19*M19 -> 0 | O19: =Sheet1!$D$3 -> 0.00144 | P19: =J19*O19 -> 0 | Q19: =Sheet1!$D$4 -> 0.00047 | R19: =Q19*J19 -> 0
A20: SPI-11 | C20: 26.561084 | D20: 80.532491 | G20: Uttar Pradesh | H20: India | I20: Operating | K20: =Sheet1!$D$5 -> 0.00381 | L20: =J20*K20 -> 0 | M20: =Sheet1!$D$2 -> 0.00251 | N20: =J20*M20 -> 0 | O20: =Sheet1!$D$3 -> 0.00144 | P20: =J20*O20 -> 0 | Q20: =Sheet1!$D$4 -> 0.00047 | R20: =Q20*J20 -> 0
A21: SPI-12 | C21: 23.776213 | D21: 86.866906 | G21: West Bengal | H21: India | I21: Operating | K21: =Sheet1!$D$5 -> 0.00381 | L21: =J21*K21 -> 0 | M21: =Sheet1!$D$2 -> 0.00251 | N21: =J21*M21 -> 0 | O21: =Sheet1!$D$3 -> 0.00144 | P21: =J21*O21 -> 0 | Q21: =Sheet1!$D$4 -> 0.00047 | R21: =Q21*J21 -> 0
A22: SPI-13 | C22: 22.054668 | D22: 88.126162 | G22: West Bengal | H22: India | I22: Operating | K22: =Sheet1!$D$5 -> 0.00381 | L22: =J22*K22 -> 0 | M22: =Sheet1!$D$2 -> 0.00251 | N22: =J22*M22 -> 0 | O22: =Sheet1!$D$3 -> 0.00144 | P22: =J22*O22 -> 0 | Q22: =Sheet1!$D$4 -> 0.00047 | R22: =Q22*J22 -> 0
A23: SPI-14 | C23: 22.715728 | D23: 88.372253 | G23: West Bengal | H23: India | I23: Operating | K23: =Sheet1!$D$5 -> 0.00381 | L23: =J23*K23 -> 0 | M23: =Sheet1!$D$2 -> 0.00251 | N23: =J23*M23 -> 0 | O23: =Sheet1!$D$3 -> 0.00144 | P23: =J23*O23 -> 0 | Q23: =Sheet1!$D$4 -> 0.00047 | R23: =Q23*J23 -> 0
A24: SPI-15 | C24: 22.635024 | D24: 88.337702 | G24: West Bengal | H24: India | I24: Operating | K24: =Sheet1!$D$5 -> 0.00381 | L24: =J24*K24 -> 0 | M24: =Sheet1!$D$2 -> 0.00251 | N24: =J24*M24 -> 0 | O24: =Sheet1!$D$3 -> 0.00144 | P24: =J24*O24 -> 0 | Q24: =Sheet1!$D$4 -> 0.00047 | R24: =Q24*J24 -> 0
A25: SPI-16 | C25: 28.097508 | D25: 76.58241 | G25: Haryana | H25: India | I25: Operating | K25: =Sheet1!$D$5 -> 0.00381 | L25: =J25*K25 -> 0 | M25: =Sheet1!$D$2 -> 0.00251 | N25: =J25*M25 -> 0 | O25: =Sheet1!$D$3 -> 0.00144 | P25: =J25*O25 -> 0 | Q25: =Sheet1!$D$4 -> 0.00047 | R25: =Q25*J25 -> 0
A26: SPI-17 | C26: 28.734516 | D26: 76.842644 | G26: Haryana | H26: India | I26: Operating | K26: =Sheet1!$D$5 -> 0.00381 | L26: =J26*K26 -> 0 | M26: =Sheet1!$D$2 -> 0.00251 | N26: =J26*M26 -> 0 | O26: =Sheet1!$D$3 -> 0.00144 | P26: =J26*O26 -> 0 | Q26: =Sheet1!$D$4 -> 0.00047 | R26: =Q26*J26 -> 0
A27: SPI-18 | C27: 30.651464 | D27: 76.317017 | G27: Punjab | H27: India | I27: Operating | K27: =Sheet1!$D$5 -> 0.00381 | L27: =J27*K27 -> 0 | M27: =Sheet1!$D$2 -> 0.00251 | N27: =J27*M27 -> 0 | O27: =Sheet1!$D$3 -> 0.00144 | P27: =J27*O27 -> 0 | Q27: =Sheet1!$D$4 -> 0.00047 | R27: =Q27*J27 -> 0
A28: SPI-19 | C28: 30.845731 | D28: 75.960442 | G28: Punjab | H28: India | I28: Operating | K28: =Sheet1!$D$5 -> 0.00381 | L28: =J28*K28 -> 0 | M28: =Sheet1!$D$2 -> 0.00251 | N28: =J28*M28 -> 0 | O28: =Sheet1!$D$3 -> 0.00144 | P28: =J28*O28 -> 0 | Q28: =Sheet1!$D$4 -> 0.00047 | R28: =Q28*J28 -> 0
A29: SPI-20 | C29: 30.885416 | D29: 75.897013 | G29: Punjab | H29: India | I29: Operating | K29: =Sheet1!$D$5 -> 0.00381 | L29: =J29*K29 -> 0 | M29: =Sheet1!$D$2 -> 0.00251 | N29: =J29*M29 -> 0 | O29: =Sheet1!$D$3 -> 0.00144 | P29: =J29*O29 -> 0 | Q29: =Sheet1!$D$4 -> 0.00047 | R29: =Q29*J29 -> 0
A30: SPI-21 | C30: 30.887595 | D30: 75.907098 | G30: Punjab | H30: India | I30: Operating | K30: =Sheet1!$D$5 -> 0.00381 | L30: =J30*K30 -> 0 | M30: =Sheet1!$D$2 -> 0.00251 | N30: =J30*M30 -> 0 | O30: =Sheet1!$D$3 -> 0.00144 | P30: =J30*O30 -> 0 | Q30: =Sheet1!$D$4 -> 0.00047 | R30: =Q30*J30 -> 0
A31: SPI-22 | B31: Essar Steel India Ltd | C31: 21.111323 | D31: 72.643813 | E31: Integrated | G31: Gujarat | H31: India | I31: Operating | K31: =Sheet1!$D$5 -> 0.00381 | L31: =J31*K31 -> 0 | M31: =Sheet1!$D$2 -> 0.00251 | N31: =J31*M31 -> 0 | O31: =Sheet1!$D$3 -> 0.00144 | P31: =J31*O31 -> 0 | Q31: =Sheet1!$D$4 -> 0.00047 | R31: =Q31*J31 -> 0
A32: SPI-23 | B32: Essar Steel India Ltd | C32: 18.655587 | D32: 73.796152 | G32: Maharashtra | H32: India | I32: Operating | K32: =Sheet1!$D$5 -> 0.00381 | L32: =J32*K32 -> 0 | M32: =Sheet1!$D$2 -> 0.00251 | N32: =J32*M32 -> 0 | O32: =Sheet1!$D$3 -> 0.00144 | P32: =J32*O32 -> 0 | Q32: =Sheet1!$D$4 -> 0.00047 | R32: =Q32*J32 -> 0
A33: SPI-24 | B33: Essar Steel India Ltd | C33: 17.719148 | D33: 83.274564 | G33: Andhra Pradesh | H33: India | I33: Operating | K33: =Sheet1!$D$5 -> 0.00381 | L33: =J33*K33 -> 0 | M33: =Sheet1!$D$2 -> 0.00251 | N33: =J33*M33 -> 0 | O33: =Sheet1!$D$3 -> 0.00144 | P33: =J33*O33 -> 0 | Q33: =Sheet1!$D$4 -> 0.00047 | R33: =Q33*J33 -> 0
A34: SPI-25 | B34: Essar Steel India Ltd | C34: 20.321457 | D34: 86.647655 | G34: Odisha | H34: India | I34: Operating | K34: =Sheet1!$D$5 -> 0.00381 | L34: =J34*K34 -> 0 | M34: =Sheet1!$D$2 -> 0.00251 | N34: =J34*M34 -> 0 | O34: =Sheet1!$D$3 -> 0.00144 | P34: =J34*O34 -> 0 | Q34: =Sheet1!$D$4 -> 0.00047 | R34: =Q34*J34 -> 0
A35: SPI-26 | B35: BMM ISPAT Ltd | C35: 15.171144 | D35: 76.377767 | E35: Integrated | G35: Karnataka | H35: India | I35: Operating | K35: =Sheet1!$D$5 -> 0.00381 | L35: =J35*K35 -> 0 | M35: =Sheet1!$D$2 -> 0.00251 | N35: =J35*M35 -> 0 | O35: =Sheet1!$D$3 -> 0.00144 | P35: =J35*O35 -> 0 | Q35: =Sheet1!$D$4 -> 0.00047 | R35: =Q35*J35 -> 0
A36: SPI-27 | B36: JSW Steel Ltd | C36: 18.690094 | D36: 73.037536 | E36: Integrated | G36: Maharashtra | H36: India | I36: Operating | K36: =Sheet1!$D$5 -> 0.00381 | L36: =J36*K36 -> 0 | M36: =Sheet1!$D$2 -> 0.00251 | N36: =J36*M36 -> 0 | O36: =Sheet1!$D$3 -> 0.00144 | P36: =J36*O36 -> 0 | Q36: =Sheet1!$D$4 -> 0.00047 | R36: =Q36*J36 -> 0
A37: SPI-28 | B37: JSW Steel Ltd | C37: 11.81618 | D37: 77.914704 | E37: Integrated | G37: Tamil Nadu | H37: India | I37: Operating | K37: =Sheet1!$D$5 -> 0.00381 | L37: =J37*K37 -> 0 | M37: =Sheet1!$D$2 -> 0.00251 | N37: =J37*M37 -> 0 | O37: =Sheet1!$D$3 -> 0.00144 | P37: =J37*O37 -> 0 | Q37: =Sheet1!$D$4 -> 0.00047 | R37: =Q37*J37 -> 0
A38: SPI-29 | B38: JSW Steel Ltd | C38: 15.18054 | D38: 76.65684 | E38: Integrated | G38: Karnataka | H38: India | I38: Operating | K38: =Sheet1!$D$5 -> 0.00381 | L38: =J38*K38 -> 0 | M38: =Sheet1!$D$2 -> 0.00251 | N38: =J38*M38 -> 0 | O38: =Sheet1!$D$3 -> 0.00144 | P38: =J38*O38 -> 0 | Q38: =Sheet1!$D$4 -> 0.00047 | R38: =Q38*J38 -> 0
A39: SPI-30 | B39: Bhushan Power & Steel Ltd | C39: 21.760298 | D39: 84.022268 | E39: Integrated | G39: Odisha | H39: India | I39: Operating | J39: =1000000*3.5 -> 3500000 | K39: =Sheet1!$D$5 -> 0.00381 | L39: =J39*K39 -> 13335 | M39: =Sheet1!$D$2 -> 0.00251 | N39: =J39*M39 -> 8785 | O39: =Sheet1!$D$3 -> 0.00144 | P39: =J39*O39 -> 5040 | Q39: =Sheet1!$D$4 -> 0.00047 | R39: =Q39*J39 -> 1645
A40: SPI-31 | B40: JSW Ispat Steel Ltd | C40: 21.983709 | D40: 83.238133 | E40: Integrated | G40: Chhattisgarh | H40: India | I40: Operating | J40: =1000000*1.5 -> 1500000 | K40: =Sheet1!$D$5 -> 0.00381 | L40: =J40*K40 -> 5715 | M40: =Sheet1!$D$2 -> 0.00251 | N40: =J40*M40 -> 3765 | O40: =Sheet1!$D$3 -> 0.00144 | P40: =J40*O40 -> 2160 | Q40: =Sheet1!$D$4 -> 0.00047 | R40: =Q40*J40 -> 705
A41: SPI-32 | B41: JSW Steel Ltd | C41: 21.231231 | D41: 78.900765 | G41: Maharashtra | H41: India | I41: Operating | K41: =Sheet1!$D$5 -> 0.00381 | L41: =J41*K41 -> 0 | M41: =Sheet1!$D$2 -> 0.00251 | N41: =J41*M41 -> 0 | O41: =Sheet1!$D$3 -> 0.00144 | P41: =J41*O41 -> 0 | Q41: =Sheet1!$D$4 -> 0.00047 | R41: =Q41*J41 -> 0
A42: SPI-33 | B42: JSW Steel Ltd | C42: 19.405092 | D42: 73.256858 | G42: Maharashtra | H42: India | I42: Operating | K42: =Sheet1!$D$5 -> 0.00381 | L42: =J42*K42 -> 0 | M42: =Sheet1!$D$2 -> 0.00251 | N42: =J42*M42 -> 0 | O42: =Sheet1!$D$3 -> 0.00144 | P42: =J42*O42 -> 0 | Q42: =Sheet1!$D$4 -> 0.00047 | R42: =Q42*J42 -> 0
A43: SPI-34 | B43: JSW Steel Ltd | C43: 19.794505 | D43: 72.741812 | G43: Maharashtra | H43: India | I43: Operating | K43: =Sheet1!$D$5 -> 0.00381 | L43: =J43*K43 -> 0 | M43: =Sheet1!$D$2 -> 0.00251 | N43: =J43*M43 -> 0 | O43: =Sheet1!$D$3 -> 0.00144 | P43: =J43*O43 -> 0 | Q43: =Sheet1!$D$4 -> 0.00047 | R43: =Q43*J43 -> 0
A44: SPI-35 | B44: Jayaswal Neco Industries Ltd | C44: 21.354495 | D44: 81.676444 | E44: Integrated | G44: Chhattisgarh | H44: India | I44: Operating | J44: =1000000*1 -> 1000000 | K44: =Sheet1!$D$5 -> 0.00381 | L44: =J44*K44 -> 3810 | M44: =Sheet1!$D$2 -> 0.00251 | N44: =J44*M44 -> 2510 | O44: =Sheet1!$D$3 -> 0.00144 | P44: =J44*O44 -> 1440 | Q44: =Sheet1!$D$4 -> 0.00047 | R44: =Q44*J44 -> 470
A45: SPI-36 | B45: Jindal Stainless Ltd | C45: 20.954939 | D45: 86.051986 | E45: Integrated | G45: Odisha | H45: India | I45: Operating | K45: =Sheet1!$D$5 -> 0.00381 | L45: =J45*K45 -> 0 | M45: =Sheet1!$D$2 -> 0.00251 | N45: =J45*M45 -> 0 | O45: =Sheet1!$D$3 -> 0.00144 | P45: =J45*O45 -> 0 | Q45: =Sheet1!$D$4 -> 0.00047 | R45: =Q45*J45 -> 0
A46: SPI-37 | B46: Jindal Stainless Ltd | C46: 29.127253 | D46: 75.773075 | G46: Haryana | H46: India | I46: Operating | K46: =Sheet1!$D$5 -> 0.00381 | L46: =J46*K46 -> 0 | M46: =Sheet1!$D$2 -> 0.00251 | N46: =J46*M46 -> 0 | O46: =Sheet1!$D$3 -> 0.00144 | P46: =J46*O46 -> 0 | Q46: =Sheet1!$D$4 -> 0.00047 | R46: =Q46*J46 -> 0
A47: SPI-38 | B47: Jindal Stainless Ltd | C47: 17.93735 | D47: 83.187434 | G47: Andhra Pradesh | H47: India | I47: Operating | K47: =Sheet1!$D$5 -> 0.00381 | L47: =J47*K47 -> 0 | M47: =Sheet1!$D$2 -> 0.00251 | N47: =J47*M47 -> 0 | O47: =Sheet1!$D$3 -> 0.00144 | P47: =J47*O47 -> 0 | Q47: =Sheet1!$D$4 -> 0.00047 | R47: =Q47*J47 -> 0
A48: SPI-39 | B48: Jindal Steel And Power Ltd | C48: 23.633141 | D48: 85.324431 | E48: Integrated | G48: Jharkhand | H48: India | I48: Operating | K48: =Sheet1!$D$5 -> 0.00381 | L48: =J48*K48 -> 0 | M48: =Sheet1!$D$2 -> 0.00251 | N48: =J48*M48 -> 0 | O48: =Sheet1!$D$3 -> 0.00144 | P48: =J48*O48 -> 0 | Q48: =Sheet1!$D$4 -> 0.00047 | R48: =Q48*J48 -> 0
A49: SPI-40 | B49: Jindal Steel And Power Ltd | C49: 20.881239 | D49: 84.991034 | E49: Integrated | G49: Odisha | H49: India | I49: Operating | J49: =1000000*4.25 -> 4250000 | K49: =Sheet1!$D$5 -> 0.00381 | L49: =J49*K49 -> 16192.5 | M49: =Sheet1!$D$2 -> 0.00251 | N49: =J49*M49 -> 10667.5 | O49: =Sheet1!$D$3 -> 0.00144 | P49: =J49*O49 -> 6120 | Q49: =Sheet1!$D$4 -> 0.00047 | R49: =Q49*J49 -> 1997.5
A50: SPI-41 | B50: Jindal Steel And Power Ltd | C50: 21.924401 | D50: 83.346694 | E50: Integrated | G50: Chhattisgarh | H50: India | I50: Operating | J50: =1000000*3.05 -> 3050000 | K50: =Sheet1!$D$5 -> 0.00381 | L50: =J50*K50 -> 11620.5 | M50: =Sheet1!$D$2 -> 0.00251 | N50: =J50*M50 -> 7655.5 | O50: =Sheet1!$D$3 -> 0.00144 | P50: =J50*O50 -> 4392 | Q50: =Sheet1!$D$4 -> 0.00047 | R50: =Q50*J50 -> 1433.5
A51: SPI-42 | B51: Jindal Steel And Power Ltd | C51: 22.088175 | D51: 85.473877 | G51: Odisha | H51: India | I51: Operating | K51: =Sheet1!$D$5 -> 0.00381 | L51: =J51*K51 -> 0 | M51: =Sheet1!$D$2 -> 0.00251 | N51: =J51*M51 -> 0 | O51: =Sheet1!$D$3 -> 0.00144 | P51: =J51*O51 -> 0 | Q51: =Sheet1!$D$4 -> 0.00047 | R51: =Q51*J51 -> 0
A52: SPI-43 | B52: KR Steel Union Ltd | C52: 22.976512 | D52: 88.46118 | G52: West Bengal | H52: India | I52: Operating | K52: =Sheet1!$D$5 -> 0.00381 | L52: =J52*K52 -> 0 | M52: =Sheet1!$D$2 -> 0.00251 | N52: =J52*M52 -> 0 | O52: =Sheet1!$D$3 -> 0.00144 | P52: =J52*O52 -> 0 | Q52: =Sheet1!$D$4 -> 0.00047 | R52: =Q52*J52 -> 0
A53: SPI-44 | B53: Kudremukh Iron Ore Co | C53: 12.926373 | D53: 74.822771 | E53: Pelletisation | G53: Karnataka | H53: India | I53: Operating | J53: =1000000*3.5 -> 3500000 | K53: =Sheet1!$D$5 -> 0.00381 | L53: =J53*K53 -> 13335 | M53: =Sheet1!$D$2 -> 0.00251 | N53: =J53*M53 -> 8785 | O53: =Sheet1!$D$3 -> 0.00144 | P53: =J53*O53 -> 5040 | Q53: =Sheet1!$D$4 -> 0.00047 | R53: =Q53*J53 -> 1645
A54: SPI-45 | B54: Hospet Steels Ltd | C54: 15.339055 | D54: 76.251696 | E54: Integrated | G54: Karnataka | H54: India | I54: Operating | K54: =Sheet1!$D$5 -> 0.00381 | L54: =J54*K54 -> 0 | M54: =Sheet1!$D$2 -> 0.00251 | N54: =J54*M54 -> 0 | O54: =Sheet1!$D$3 -> 0.00144 | P54: =J54*O54 -> 0 | Q54: =Sheet1!$D$4 -> 0.00047 | R54: =Q54*J54 -> 0
A55: SPI-46 | B55: Mukand Ltd | C55: 19.187676 | D55: 73.000812 | G55: Maharashtra | H55: India | I55: Operating | K55: =Sheet1!$D$5 -> 0.00381 | L55: =J55*K55 -> 0 | M55: =Sheet1!$D$2 -> 0.00251 | N55: =J55*M55 -> 0 | O55: =Sheet1!$D$3 -> 0.00144 | P55: =J55*O55 -> 0 | Q55: =Sheet1!$D$4 -> 0.00047 | R55: =Q55*J55 -> 0
A56: SPI-47 | B56: NMDC Ltd | C56: 19.093972 | D56: 82.167762 | E56: Integrated | G56: Chhattisgarh | H56: India | I56: Operating | K56: =Sheet1!$D$5 -> 0.00381 | L56: =J56*K56 -> 0 | M56: =Sheet1!$D$2 -> 0.00251 | N56: =J56*M56 -> 0 | O56: =Sheet1!$D$3 -> 0.00144 | P56: =J56*O56 -> 0 | Q56: =Sheet1!$D$4 -> 0.00047 | R56: =Q56*J56 -> 0
A57: SPI-48 | B57: Neelachal Ispat Nigam Ltd | C57: 20.998641 | D57: 86.019102 | E57: Integrated | G57: Odisha | H57: India | I57: Operating | J57: =1000000*1.1 -> 1100000 | K57: =Sheet1!$D$5 -> 0.00381 | L57: =J57*K57 -> 4191 | M57: =Sheet1!$D$2 -> 0.00251 | N57: =J57*M57 -> 2761 | O57: =Sheet1!$D$3 -> 0.00144 | P57: =J57*O57 -> 1584 | Q57: =Sheet1!$D$4 -> 0.00047 | R57: =Q57*J57 -> 517
A58: SPI-49 | B58: Orissa Metaliks Pvt Ltd | C58: 22.378355 | D58: 87.281773 | E58: Integrated | G58: West Bengal | H58: India | I58: Operating | J58: =1000000*0.99 -> 990000 | K58: =Sheet1!$D$5 -> 0.00381 | L58: =J58*K58 -> 3771.9 | M58: =Sheet1!$D$2 -> 0.00251 | N58: =J58*M58 -> 2484.9 | O58: =Sheet1!$D$3 -> 0.00144 | P58: =J58*O58 -> 1425.6 | Q58: =Sheet1!$D$4 -> 0.00047 | R58: =Q58*J58 -> 465.3
A59: SPI-50 | B59: POSCO Maharashtra Steel Pvt Ltd | C59: 18.388225 | D59: 73.345484 | G59: Maharashtra | H59: India | I59: Operating | K59: =Sheet1!$D$5 -> 0.00381 | L59: =J59*K59 -> 0 | M59: =Sheet1!$D$2 -> 0.00251 | N59: =J59*M59 -> 0 | O59: =Sheet1!$D$3 -> 0.00144 | P59: =J59*O59 -> 0 | Q59: =Sheet1!$D$4 -> 0.00047 | R59: =Q59*J59 -> 0
A60: SPI-51 | B60: Rashtriya Ispat Nigam Limited (RINL) (Ministry of Steel) | C60: 17.614426 | D60: 83.193191 | E60: Integrated | G60: Andhra Pradesh | H60: India | I60: Operating | K60: =Sheet1!$D$5 -> 0.00381 | L60: =J60*K60 -> 0 | M60: =Sheet1!$D$2 -> 0.00251 | N60: =J60*M60 -> 0 | O60: =Sheet1!$D$3 -> 0.00144 | P60: =J60*O60 -> 0 | Q60: =Sheet1!$D$4 -> 0.00047 | R60: =Q60*J60 -> 0
A61: SPI-52 | B61: Bokaro Steel Plant Ltd | C61: 23.673348 | D61: 86.101459 | E61: Integrated | G61: Jharkhand | H61: India | I61: Operating | K61: =Sheet1!$D$5 -> 0.00381 | L61: =J61*K61 -> 0 | M61: =Sheet1!$D$2 -> 0.00251 | N61: =J61*M61 -> 0 | O61: =Sheet1!$D$3 -> 0.00144 | P61: =J61*O61 -> 0 | Q61: =Sheet1!$D$4 -> 0.00047 | R61: =Q61*J61 -> 0
A62: SPI-53 | B62: Indian Iron & Steel Co Ltd | C62: 23.665198 | D62: 86.917455 | E62: Integrated | G62: West Bengal | H62: India | I62: Operating | K62: =Sheet1!$D$5 -> 0.00381 | L62: =J62*K62 -> 0 | M62: =Sheet1!$D$2 -> 0.00251 | N62: =J62*M62 -> 0 | O62: =Sheet1!$D$3 -> 0.00144 | P62: =J62*O62 -> 0 | Q62: =Sheet1!$D$4 -> 0.00047 | R62: =Q62*J62 -> 0
A63: SPI-54 | B63: Steel Authority of India Ltd | C63: 23.546442 | D63: 87.249552 | E63: Integrated | G63: West Bengal | H63: India | I63: Operating | K63: =Sheet1!$D$5 -> 0.00381 | L63: =J63*K63 -> 0 | M63: =Sheet1!$D$2 -> 0.00251 | N63: =J63*M63 -> 0 | O63: =Sheet1!$D$3 -> 0.00144 | P63: =J63*O63 -> 0 | Q63: =Sheet1!$D$4 -> 0.00047 | R63: =Q63*J63 -> 0
A64: SPI-55 | B64: Bhilai Steel Plant Ltd | C64: 21.189193 | D64: 81.390632 | E64: Integrated | G64: Chhattisgarh | H64: India | I64: Operating | K64: =Sheet1!$D$5 -> 0.00381 | L64: =J64*K64 -> 0 | M64: =Sheet1!$D$2 -> 0.00251 | N64: =J64*M64 -> 0 | O64: =Sheet1!$D$3 -> 0.00144 | P64: =J64*O64 -> 0 | Q64: =Sheet1!$D$4 -> 0.00047 | R64: =Q64*J64 -> 0
A65: SPI-56 | B65: Rourkela Steel Ltd | C65: 22.212811 | D65: 84.866972 | E65: Integrated | G65: Odisha | H65: India | I65: Operating | K65: =Sheet1!$D$5 -> 0.00381 | L65: =J65*K65 -> 0 | M65: =Sheet1!$D$2 -> 0.00251 | N65: =J65*M65 -> 0 | O65: =Sheet1!$D$3 -> 0.00144 | P65: =J65*O65 -> 0 | Q65: =Sheet1!$D$4 -> 0.00047 | R65: =Q65*J65 -> 0
A66: SPI-57 | B66: Salem Steel Plant Ltd | C66: 11.660148 | D66: 78.026745 | G66: Tamil Nadu | H66: India | I66: Operating | K66: =Sheet1!$D$5 -> 0.00381 | L66: =J66*K66 -> 0 | M66: =Sheet1!$D$2 -> 0.00251 | N66: =J66*M66 -> 0 | O66: =Sheet1!$D$3 -> 0.00144 | P66: =J66*O66 -> 0 | Q66: =Sheet1!$D$4 -> 0.00047 | R66: =Q66*J66 -> 0
A67: SPI-58 | B67: Steel Authority of India Ltd | C67: 23.522882 | D67: 87.275935 | G67: West Bengal | H67: India | I67: Operating | K67: =Sheet1!$D$5 -> 0.00381 | L67: =J67*K67 -> 0 | M67: =Sheet1!$D$2 -> 0.00251 | N67: =J67*M67 -> 0 | O67: =Sheet1!$D$3 -> 0.00144 | P67: =J67*O67 -> 0 | Q67: =Sheet1!$D$4 -> 0.00047 | R67: =Q67*J67 -> 0
A68: SPI-59 | B68: Chandarpur Ferro Alloy Plant | C68: 19.963893 | D68: 79.333217 | G68: Maharashtra | H68: India | I68: Operating | K68: =Sheet1!$D$5 -> 0.00381 | L68: =J68*K68 -> 0 | M68: =Sheet1!$D$2 -> 0.00251 | N68: =J68*M68 -> 0 | O68: =Sheet1!$D$3 -> 0.00144 | P68: =J68*O68 -> 0 | Q68: =Sheet1!$D$4 -> 0.00047 | R68: =Q68*J68 -> 0
A69: SPI-60 | B69: Visvesvaraya Iron & Steel | C69: 13.831617 | D69: 75.702087 | G69: Karnataka | H69: India | I69: Operating | K69: =Sheet1!$D$5 -> 0.00381 | L69: =J69*K69 -> 0 | M69: =Sheet1!$D$2 -> 0.00251 | N69: =J69*M69 -> 0 | O69: =Sheet1!$D$3 -> 0.00144 | P69: =J69*O69 -> 0 | Q69: =Sheet1!$D$4 -> 0.00047 | R69: =Q69*J69 -> 0
A70: SPI-61 | B70: Steel Exchange India Ltd | C70: 17.963265 | D70: 83.161135 | E70: Mini-Mill | G70: Andhra Pradesh | H70: India | I70: Operating | J70: =1000000*0.25 -> 250000 | K70: =Sheet1!$D$5 -> 0.00381 | L70: =J70*K70 -> 952.5 | M70: =Sheet1!$D$2 -> 0.00251 | N70: =J70*M70 -> 627.5 | O70: =Sheet1!$D$3 -> 0.00144 | P70: =J70*O70 -> 360 | Q70: =Sheet1!$D$4 -> 0.00047 | R70: =Q70*J70 -> 117.5
A71: SPI-62 | B71: Sunflag Iron and Steel Co Ltd | C71: 21.232929 | D71: 79.632398 | E71: Integrated | G71: Maharashtra | H71: India | I71: Operating | J71: =1000000*0.5 -> 500000 | K71: =Sheet1!$D$5 -> 0.00381 | L71: =J71*K71 -> 1905 | M71: =Sheet1!$D$2 -> 0.00251 | N71: =J71*M71 -> 1255 | O71: =Sheet1!$D$3 -> 0.00144 | P71: =J71*O71 -> 720 | Q71: =Sheet1!$D$4 -> 0.00047 | R71: =Q71*J71 -> 235
A72: SPI-63 | B72: Tata Steel Ltd | C72: 20.969288 | D72: 86.010815 | E72: Integrated | G72: Odisha | H72: India | I72: Operating | K72: =Sheet1!$D$5 -> 0.00381 | L72: =J72*K72 -> 0 | M72: =Sheet1!$D$2 -> 0.00251 | N72: =J72*M72 -> 0 | O72: =Sheet1!$D$3 -> 0.00144 | P72: =J72*O72 -> 0 | Q72: =Sheet1!$D$4 -> 0.00047 | R72: =Q72*J72 -> 0
A73: SPI-64 | B73: Tata Steel Ltd | C73: 22.789036 | D73: 86.201882 | E73: Integrated | G73: Jharkhand | H73: India | I73: Operating | K73: =Sheet1!$D$5 -> 0.00381 | L73: =J73*K73 -> 0 | M73: =Sheet1!$D$2 -> 0.00251 | N73: =J73*M73 -> 0 | O73: =Sheet1!$D$3 -> 0.00144 | P73: =J73*O73 -> 0 | Q73: =Sheet1!$D$4 -> 0.00047 | R73: =Q73*J73 -> 0
A74: SPI-65 | B74: Tata Metaliks Ltd | C74: 22.385611 | D74: 87.287179 | E74: Integrated | G74: West Bengal | H74: India | I74: Operating | K74: =Sheet1!$D$5 -> 0.00381 | L74: =J74*K74 -> 0 | M74: =Sheet1!$D$2 -> 0.00251 | N74: =J74*M74 -> 0 | O74: =Sheet1!$D$3 -> 0.00144 | P74: =J74*O74 -> 0 | Q74: =Sheet1!$D$4 -> 0.00047 | R74: =Q74*J74 -> 0
A75: SPI-66 | B75: Tata Steel BSL Ltd | C75: 20.793691 | D75: 85.260538 | E75: Integrated | G75: Odisha | H75: India | I75: Operating | K75: =Sheet1!$D$5 -> 0.00381 | L75: =J75*K75 -> 0 | M75: =Sheet1!$D$2 -> 0.00251 | N75: =J75*M75 -> 0 | O75: =Sheet1!$D$3 -> 0.00144 | P75: =J75*O75 -> 0 | Q75: =Sheet1!$D$4 -> 0.00047 | R75: =Q75*J75 -> 0
A76: SPI-67 | B76: Tata BlueScope Steel Ltd | C76: 22.814904 | D76: 86.236177 | G76: Jharkhand | H76: India | I76: Operating | K76: =Sheet1!$D$5 -> 0.00381 | L76: =J76*K76 -> 0 | M76: =Sheet1!$D$2 -> 0.00251 | N76: =J76*M76 -> 0 | O76: =Sheet1!$D$3 -> 0.00144 | P76: =J76*O76 -> 0 | Q76: =Sheet1!$D$4 -> 0.00047 | R76: =Q76*J76 -> 0
A77: SPI-68 | B77: Tata Steel Long Products Ltd | C77: 22.054641 | D77: 85.465842 | G77: Odisha | H77: India | I77: Operating | K77: =Sheet1!$D$5 -> 0.00381 | L77: =J77*K77 -> 0 | M77: =Sheet1!$D$2 -> 0.00251 | N77: =J77*M77 -> 0 | O77: =Sheet1!$D$3 -> 0.00144 | P77: =J77*O77 -> 0 | Q77: =Sheet1!$D$4 -> 0.00047 | R77: =Q77*J77 -> 0
A78: SPI-69 | B78: Tata Steel Ltd | C78: 19.794754 | D78: 72.733898 | G78: Maharashtra | H78: India | I78: Operating | J78: =1000000*0.42 -> 420000 | K78: =Sheet1!$D$5 -> 0.00381 | L78: =J78*K78 -> 1600.2 | M78: =Sheet1!$D$2 -> 0.00251 | N78: =J78*M78 -> 1054.2 | O78: =Sheet1!$D$3 -> 0.00144 | P78: =J78*O78 -> 604.8 | Q78: =Sheet1!$D$4 -> 0.00047 | R78: =Q78*J78 -> 197.4
A79: SPI-70 | B79: Tata Steel BSL Ltd | C79: 18.80083 | D79: 73.289829 | G79: Maharashtra | H79: India | I79: Operating | K79: =Sheet1!$D$5 -> 0.00381 | L79: =J79*K79 -> 0 | M79: =Sheet1!$D$2 -> 0.00251 | N79: =J79*M79 -> 0 | O79: =Sheet1!$D$3 -> 0.00144 | P79: =J79*O79 -> 0 | Q79: =Sheet1!$D$4 -> 0.00047 | R79: =Q79*J79 -> 0
A80: SPI-71 | B80: Tata Steel BSL Ltd | C80: 28.648921 | D80: 77.331907 | G80: Uttar Pradesh | H80: India | I80: Operating | K80: =Sheet1!$D$5 -> 0.00381 | L80: =J80*K80 -> 0 | M80: =Sheet1!$D$2 -> 0.00251 | N80: =J80*M80 -> 0 | O80: =Sheet1!$D$3 -> 0.00144 | P80: =J80*O80 -> 0 | Q80: =Sheet1!$D$4 -> 0.00047 | R80: =Q80*J80 -> 0
A81: SPI-72 | B81: T S Alloys Ltd | C81: 20.473334 | D81: 85.750131 | G81: Odisha | H81: India | I81: Operating | K81: =Sheet1!$D$5 -> 0.00381 | L81: =J81*K81 -> 0 | M81: =Sheet1!$D$2 -> 0.00251 | N81: =J81*M81 -> 0 | O81: =Sheet1!$D$3 -> 0.00144 | P81: =J81*O81 -> 0 | Q81: =Sheet1!$D$4 -> 0.00047 | R81: =Q81*J81 -> 0
A82: SPI-73 | B82: Tata Steel BSL Ltd | C82: 12.761076 | D82: 77.801268 | G82: Tamil Nadu | H82: India | I82: Operating | K82: =Sheet1!$D$5 -> 0.00381 | L82: =J82*K82 -> 0 | M82: =Sheet1!$D$2 -> 0.00251 | N82: =J82*M82 -> 0 | O82: =Sheet1!$D$3 -> 0.00144 | P82: =J82*O82 -> 0 | Q82: =Sheet1!$D$4 -> 0.00047 | R82: =Q82*J82 -> 0
A83: SPI-74 | B83: Thyssenkrupp Electrical Steel (India) Pvt Ltd | C83: 19.823169 | D83: 73.667178 | G83: Maharashtra | H83: India | I83: Operating | K83: =Sheet1!$D$5 -> 0.00381 | L83: =J83*K83 -> 0 | M83: =Sheet1!$D$2 -> 0.00251 | N83: =J83*M83 -> 0 | O83: =Sheet1!$D$3 -> 0.00144 | P83: =J83*O83 -> 0 | Q83: =Sheet1!$D$4 -> 0.00047 | R83: =Q83*J83 -> 0
A84: SPI-75 | B84: Usha Martin Ltd | C84: 23.370283 | D84: 85.427581 | G84: Jharkhand | H84: India | I84: Operating | K84: =Sheet1!$D$5 -> 0.00381 | L84: =J84*K84 -> 0 | M84: =Sheet1!$D$2 -> 0.00251 | N84: =J84*M84 -> 0 | O84: =Sheet1!$D$3 -> 0.00144 | P84: =J84*O84 -> 0 | Q84: =Sheet1!$D$4 -> 0.00047 | R84: =Q84*J84 -> 0
A85: SPI-76 | B85: Usha Martin Ltd | C85: 31.583478 | D85: 75.95079 | G85: Punjab | H85: India | I85: Operating | K85: =Sheet1!$D$5 -> 0.00381 | L85: =J85*K85 -> 0 | M85: =Sheet1!$D$2 -> 0.00251 | N85: =J85*M85 -> 0 | O85: =Sheet1!$D$3 -> 0.00144 | P85: =J85*O85 -> 0 | Q85: =Sheet1!$D$4 -> 0.00047 | R85: =Q85*J85 -> 0
A86: SPI-77 | B86: Visa Steel Ltd | C86: 20.944024 | D86: 86.060744 | E86: Integrated and Mini-Mill | G86: Odisha | H86: India | I86: Operating | J86: =1000000*0.725 -> 725000 | K86: =Sheet1!$D$5 -> 0.00381 | L86: =J86*K86 -> 2762.25 | M86: =Sheet1!$D$2 -> 0.00251 | N86: =J86*M86 -> 1819.75 | O86: =Sheet1!$D$3 -> 0.00144 | P86: =J86*O86 -> 1044 | Q86: =Sheet1!$D$4 -> 0.00047 | R86: =Q86*J86 -> 340.75
A87: SPI-78 | C87: 18.524061 | D87: 73.913357 | G87: Maharashtra | H87: India | I87: Operating | K87: =Sheet1!$D$5 -> 0.00381 | L87: =J87*K87 -> 0 | M87: =Sheet1!$D$2 -> 0.00251 | N87: =J87*M87 -> 0 | O87: =Sheet1!$D$3 -> 0.00144 | P87: =J87*O87 -> 0 | Q87: =Sheet1!$D$4 -> 0.00047 | R87: =Q87*J87 -> 0
A88: SPI-79 | C88: 18.530853 | D88: 72.947091 | G88: Maharashtra | H88: India | I88: Operating | K88: =Sheet1!$D$5 -> 0.00381 | L88: =J88*K88 -> 0 | M88: =Sheet1!$D$2 -> 0.00251 | N88: =J88*M88 -> 0 | O88: =Sheet1!$D$3 -> 0.00144 | P88: =J88*O88 -> 0 | Q88: =Sheet1!$D$4 -> 0.00047 | R88: =Q88*J88 -> 0
A89: SPI-80 | C89: 26.581306 | D89: 80.560423 | G89: Uttar Pradesh | H89: India | I89: Operating | K89: =Sheet1!$D$5 -> 0.00381 | L89: =J89*K89 -> 0 | M89: =Sheet1!$D$2 -> 0.00251 | N89: =J89*M89 -> 0 | O89: =Sheet1!$D$3 -> 0.00144 | P89: =J89*O89 -> 0 | Q89: =Sheet1!$D$4 -> 0.00047 | R89: =Q89*J89 -> 0
A90: SPI-81 | C90: 18.780093 | D90: 73.260735 | G90: Maharashtra | H90: India | I90: Operating | K90: =Sheet1!$D$5 -> 0.00381 | L90: =J90*K90 -> 0 | M90: =Sheet1!$D$2 -> 0.00251 | N90: =J90*M90 -> 0 | O90: =Sheet1!$D$3 -> 0.00144 | P90: =J90*O90 -> 0 | Q90: =Sheet1!$D$4 -> 0.00047 | R90: =Q90*J90 -> 0
A91: SPI-82 | C91: 26.561084 | D91: 80.532491 | G91: Uttar Pradesh | H91: India | I91: Operating | K91: =Sheet1!$D$5 -> 0.00381 | L91: =J91*K91 -> 0 | M91: =Sheet1!$D$2 -> 0.00251 | N91: =J91*M91 -> 0 | O91: =Sheet1!$D$3 -> 0.00144 | P91: =J91*O91 -> 0 | Q91: =Sheet1!$D$4 -> 0.00047 | R91: =Q91*J91 -> 0
A92: SPI-83 | C92: 23.776213 | D92: 86.866906 | G92: West Bengal | H92: India | I92: Operating | K92: =Sheet1!$D$5 -> 0.00381 | L92: =J92*K92 -> 0 | M92: =Sheet1!$D$2 -> 0.00251 | N92: =J92*M92 -> 0 | O92: =Sheet1!$D$3 -> 0.00144 | P92: =J92*O92 -> 0 | Q92: =Sheet1!$D$4 -> 0.00047 | R92: =Q92*J92 -> 0
A93: SPI-84 | C93: 23.262679 | D93: 70.251109 | G93: Gujarat | H93: India | I93: Operating | K93: =Sheet1!$D$5 -> 0.00381 | L93: =J93*K93 -> 0 | M93: =Sheet1!$D$2 -> 0.00251 | N93: =J93*M93 -> 0 | O93: =Sheet1!$D$3 -> 0.00144 | P93: =J93*O93 -> 0 | Q93: =Sheet1!$D$4 -> 0.00047 | R93: =Q93*J93 -> 0
A94: SPI-85 | C94: 23.177972 | D94: 70.167556 | G94: Gujarat | H94: India | I94: Operating | K94: =Sheet1!$D$5 -> 0.00381 | L94: =J94*K94 -> 0 | M94: =Sheet1!$D$2 -> 0.00251 | N94: =J94*M94 -> 0 | O94: =Sheet1!$D$3 -> 0.00144 | P94: =J94*O94 -> 0 | Q94: =Sheet1!$D$4 -> 0.00047 | R94: =Q94*J94 -> 0
A95: SPI-86 | C95: 23.11319 | D95: 70.085398 | G95: Gujarat | H95: India | I95: Operating | K95: =Sheet1!$D$5 -> 0.00381 | L95: =J95*K95 -> 0 | M95: =Sheet1!$D$2 -> 0.00251 | N95: =J95*M95 -> 0 | O95: =Sheet1!$D$3 -> 0.00144 | P95: =J95*O95 -> 0 | Q95: =Sheet1!$D$4 -> 0.00047 | R95: =Q95*J95 -> 0
A96: SPI-87 | C96: 15.328377 | D96: 76.205088 | G96: Karnataka | H96: India | I96: Operating | K96: =Sheet1!$D$5 -> 0.00381 | L96: =J96*K96 -> 0 | M96: =Sheet1!$D$2 -> 0.00251 | N96: =J96*M96 -> 0 | O96: =Sheet1!$D$3 -> 0.00144 | P96: =J96*O96 -> 0 | Q96: =Sheet1!$D$4 -> 0.00047 | R96: =Q96*J96 -> 0
A97: SPI-88 | C97: 23.100377 | D97: 70.181142 | G97: Gujarat | H97: India | I97: Operating | K97: =Sheet1!$D$5 -> 0.00381 | L97: =J97*K97 -> 0 | M97: =Sheet1!$D$2 -> 0.00251 | N97: =J97*M97 -> 0 | O97: =Sheet1!$D$3 -> 0.00144 | P97: =J97*O97 -> 0 | Q97: =Sheet1!$D$4 -> 0.00047 | R97: =Q97*J97 -> 0
A98: SPI-89 | C98: 13.386722 | D98: 80.108701 | G98: Tamil Nadu | H98: India | I98: Operating | K98: =Sheet1!$D$5 -> 0.00381 | L98: =J98*K98 -> 0 | M98: =Sheet1!$D$2 -> 0.00251 | N98: =J98*M98 -> 0 | O98: =Sheet1!$D$3 -> 0.00144 | P98: =J98*O98 -> 0 | Q98: =Sheet1!$D$4 -> 0.00047 | R98: =Q98*J98 -> 0
... A141: SPI-132 | C141: 30.887595 | D141: 75.907098 | G141: Punjab | H141: India | I141: Operating | K141: =Sheet1!$D$5 -> 0.00381 | L141: =J141*K141 -> 0 | M141: =Sheet1!$D$2 -> 0.00251 | N141: =J141*M141 -> 0 | O141: =Sheet1!$D$3 -> 0.00144 | P141: =J141*O141 -> 0 | Q141: =Sheet1!$D$4 -> 0.00047 | R141: =Q141*J141 -> 0
A142: SPP-1 | B142: Tuwairqi Steel Mills Ltd | C142: 24.794878 | D142: 67.353327 | E142: DRI | G142: Sindh | H142: Pakistan | I142: Operating | J142: =1000000*1.28 -> 1280000 | K142: =Sheet1!$D$5 -> 0.00381 | L142: =J142*K142 -> 4876.8 | M142: =Sheet1!$D$2 -> 0.00251 | N142: =J142*M142 -> 3212.8 | O142: =Sheet1!$D$3 -> 0.00144 | P142: =J142*O142 -> 1843.2 | Q142: =Sheet1!$D$4 -> 0.00047 | R142: =Q142*J142 -> 601.6
...

Sheet Sheet1
A1: Pollutant | B1: EF | C1: Unit | D1: EF normalised (tonnes of pollutant/tonnes of production) | E1: Notes
A2: PM2.5 | B2: 2.51 | C2: tonne/000 tonnes | D2: =B2/1000 -> 0.00251
A3: SO2 | B3: 1.44 | C3: tonne/000 tonnes | D3: =B3/1000 -> 0.00144
A4: NOx | B4: 0.47 | C4: tonne/000 tonnes | D4: =B4/1000 -> 0.00047
A5: PM10* | B5: 3.81 | C5: tonne/000 tonnes | D5: =B5/1000 -> 0.00381 | E5: This is estimated by taking global PM10:PM2.5 ratio from the paper that is 1.5185 and multiplying that with PM2.5 EF
A8: The average emission intensities of developing countries are 2.51 ton of PM2.5, 1.44 ton of SO2, and 0.47 ton of NOx per thousand ton of crude steel produced.
A10: Source | B10: Zhang, J., Shen, H., Chen, Y., Meng, J., Li, J., He, J., Guo, P., Dai, R., Zhang, Y., Xu, R., Wang, J., Zheng, S., Lei, T., Shen, G., Wang, C., Ye, J., Zhu, L., Sun, H. Z., Fu, T.-M., Yang, X., Guan, D. & Tao, S. (2023) ‘Iron and Steel Industry Emissions: A Global Analysis of Trends and Drivers’, Environmental Science & Technology, 57(43). doi: 10.1021/acs.est.3c05474
