Workbook

Sheet Furnace_oil
A1: id | B1: name | C1: lat | D1: lon | E1: type | F1: fuel | G1: state | H1: country | I1: status | J1: capacity_tonnes | K1: unit | L1: gross_energy(GJ) | M1: net_energy(GJ) | N1: emfpm10 | O1: pm10_t_yr | P1: emfpm25 | Q1: pm25_t_yr | R1: emfso2 | S1: so2_t_yr | T1: emfnox | U1: nox_t_yr
A2: FOB-1 | B2: Bashundhara Oil and Gas Company Refinery | C2: 23.668397 | D2: 90.442809 | E2: Furnace Oil | F2: furnace oil | H2: Bangladesh | I2: operating | J2: 2200000 | L2: =((J2*300)*3.6) -> 2376000000 | M2: =L2/0.86 -> 2.7627907e+09 | N2: =Sheet1!$D$5 -> 9.072e-08 | O2: =N2*M2 -> 250.64037 | P2: =Sheet1!$D$2 -> 6.948e-08 | Q2: =M2*P2 -> 191.9587 | R2: =Sheet1!$D$3 -> 1.782e-06 | S2: =M2*R2 -> 4923.293 | T2: =142*0.001*0.0000036 -> 5.112e-07 | U2: =M2*T2 -> 1412.3386
A3: FOI-1 | B3: IOCL Panipat Refinery | C3: 29.47308 | D3: 76.87831 | E3: Furnace Oil | F3: furnace oil | H3: India | I3: operating | J3: 0 | L3: =((J3*300)*3.6) -> 0 | M3: =L3/0.35 -> 0 | N3: =Sheet1!$D$5 -> 9.072e-08 | O3: =N3*M3 -> 0 | P3: =Sheet1!$D$2 -> 6.948e-08 | Q3: =M3*P3 -> 0 | R3: =Sheet1!$D$3 -> 1.782e-06 | S3: =M3*R3 -> 0 | T3: 495 | U3: =(T3*M3)/1000000 -> 0
A4: FOI-2 | B4: Guru Gobind Singh Refinery | C4: 29.923863 | D4: 74.953334 | E4: Furnace Oil | F4: furnace oil | H4: India | I4: operating | J4: 0 | L4: =((J4*300)*3.6) -> 0 | M4: =L4/0.35 -> 0 | N4: =Sheet1!$D$5 -> 9.072e-08 | O4: =N4*M4 -> 0 | P4: =Sheet1!$D$2 -> 6.948e-08 | Q4: =M4*P4 -> 0 | R4: =Sheet1!$D$3 -> 1.782e-06 | S4: =M4*R4 -> 0 | T4: 495 | U4: =(T4*M4)/1000000 -> 0
A5: FOI-3 | B5: IOCL Mathura Refinery | C5: 27.37846 | D5: 77.68662 | E5: Furnace Oil | F5: furnace oil | H5: India | I5: operating | J5: 0 | L5: =((J5*300)*3.6) -> 0 | M5: =L5/0.35 -> 0 | N5: =Sheet1!$D$5 -> 9.072e-08 | O5: =N5*M5 -> 0 | P5: =Sheet1!$D$2 -> 6.948e-08 | Q5: =M5*P5 -> 0 | R5: =Sheet1!$D$3 -> 1.782e-06 | S5: =M5*R5 -> 0 | T5: 495 | U5: =(T5*M5)/1000000 -> 0
A6: FOI-4 | B6: IOCL Barauni Refinery | C6: 25.42778 | D6: 86.06001 | E6: Furnace Oil | F6: furnace oil | H6: India | I6: operating | J6: 0 | L6: =((J6*300)*3.6) -> 0 | M6: =L6/0.35 -> 0 | N6: =Sheet1!$D$5 -> 9.072e-08 | O6: =N6*M6 -> 0 | P6: =Sheet1!$D$2 -> 6.948e-08 | Q6: =M6*P6 -> 0 | R6: =Sheet1!$D$3 -> 1.782e-06 | S6: =M6*R6 -> 0 | T6: 495 | U6: =(T6*M6)/1000000 -> 0
A7: FOI-5 | B7: IOCL Haldia Refinery | C7: 22.04581 | D7: 88.10433 | E7: Furnace Oil | F7: furnace oil | H7: India | I7: operating | J7: 0 | L7: =((J7*300)*3.6) -> 0 | M7: =L7/0.35 -> 0 | N7: =Sheet1!$D$5 -> 9.072e-08 | O7: =N7*M7 -> 0 | P7: =Sheet1!$D$2 -> 6.948e-08 | Q7: =M7*P7 -> 0 | R7: =Sheet1!$D$3 -> 1.782e-06 | S7: =M7*R7 -> 0 | T7: 495 | U7: =(T7*M7)/1000000 -> 0
A8: FOI-13 | B8: Panipat Naphtha Cracker | C8: 29.453046 | D8: 76.872708 | E8: Furnace Oil | G8: Haryana | H8: India | I8: operating | J8: =800*1000 -> 800000 | K8: kt/yr | L8: =((J8*300)*3.6) -> 864000000 | M8: =L8/0.35 -> 2.4685714e+09 | N8: =Sheet1!$D$5 -> 9.072e-08 | O8: =N8*M8 -> 223.9488 | P8: =Sheet1!$D$2 -> 6.948e-08 | Q8: =M8*P8 -> 171.51634 | R8: =Sheet1!$D$3 -> 1.782e-06 | S8: =M8*R8 -> 4398.9943 | T8: 495 | U8: =(T8*M8)/1000000 -> 1221942.9
A9: FOI-14 | B9: Panipat Naphtha Cracker Phase II expansion | C9: 29.453046 | D9: 76.872708 | E9: Furnace Oil | G9: Haryana | H9: India | I9: announced | J9: =160*1000 -> 160000 | K9: kt/yr | L9: =((J9*300)*3.6) -> 172800000 | M9: =L9/0.35 -> 4.9371429e+08 | N9: =Sheet1!$D$5 -> 9.072e-08 | O9: =N9*M9 -> 44.78976 | P9: =Sheet1!$D$2 -> 6.948e-08 | Q9: =M9*P9 -> 34.303269 | R9: =Sheet1!$D$3 -> 1.782e-06 | S9: =M9*R9 -> 879.79886 | T9: 495 | U9: =(T9*M9)/1000000 -> 244388.57
A10: FOI-18 | B10: Guru Gobind Singh Polymer Addition Project (`GGSPAP’) | C10: 29.928273 | D10: 74.948007 | E10: Furnace Oil | F10: Mixed | G10: Punjab | H10: India | I10: operating | J10: 1200 | K10: kt/yr | L10: =((J10*300)*3.6) -> 1296000 | M10: =L10/0.35 -> 3702857.1 | N10: =Sheet1!$D$5 -> 9.072e-08 | O10: =N10*M10 -> 0.3359232 | P10: =Sheet1!$D$2 -> 6.948e-08 | Q10: =M10*P10 -> 0.25727451 | R10: =Sheet1!$D$3 -> 1.782e-06 | S10: =M10*R10 -> 6.5984914 | T10: 495 | U10: =(T10*M10)/1000000 -> 1832.9143
A11: FOI-19 | B11: PATA Petrochemical complex | C11: 26.643451 | D11: 79.488859 | E11: Furnace Oil | F11: Ethane; Propane | G11: Uttar Pradesh | H11: India | I11: operating | J11: 900 | K11: kt/yr | L11: =((J11*300)*3.6) -> 972000 | M11: =L11/0.35 -> 2777142.9 | N11: =Sheet1!$D$5 -> 9.072e-08 | O11: =N11*M11 -> 0.2519424 | P11: =Sheet1!$D$2 -> 6.948e-08 | Q11: =M11*P11 -> 0.19295589 | R11: =Sheet1!$D$3 -> 1.782e-06 | S11: =M11*R11 -> 4.9488686 | T11: 495 | U11: =(T11*M11)/1000000 -> 1374.6857
A12: FOI-20 | B12: Haldia Petrochemicals plant | C12: 22.066644 | D12: 88.103082 | E12: Furnace Oil | G12: West Bengal | H12: India | I12: operating | J12: 700 | K12: kt/yr | L12: =((J12*300)*3.6) -> 756000 | M12: =L12/0.35 -> 2160000 | N12: =Sheet1!$D$5 -> 9.072e-08 | O12: =N12*M12 -> 0.1959552 | P12: =Sheet1!$D$2 -> 6.948e-08 | Q12: =M12*P12 -> 0.1500768 | R12: =Sheet1!$D$3 -> 1.782e-06 | S12: =M12*R12 -> 3.84912 | T12: 495 | U12: =(T12*M12)/1000000 -> 1069.2
A13: FOP-1 | B13: PARCO Mid Country (Kot Addu) Refinery | C13: 30.16778 | D13: 70.932136 | E13: Furnace Oil | F13: furnace oil | H13: Pakistan | I13: operating | J13: 0 | L13: =((J13*300)*3.6) -> 0 | M13: =L13/0.35 -> 0 | N13: =Sheet1!$D$5 -> 9.072e-08 | O13: =N13*M13 -> 0 | P13: =Sheet1!$D$2 -> 6.948e-08 | Q13: =M13*P13 -> 0 | R13: =Sheet1!$D$3 -> 1.782e-06 | S13: =M13*R13 -> 0 | T13: 495 | U13: =(T13*M13)/1000000 -> 0
A14: FOP-2 | B14: Attock Refinery | C14: 33.55357 | D14: 73.072974 | E14: Furnace Oil | F14: furnace oil | H14: Pakistan | I14: operating | J14: 0 | L14: =((J14*300)*3.6) -> 0 | M14: =L14/0.35 -> 0 | N14: =Sheet1!$D$5 -> 9.072e-08 | O14: =N14*M14 -> 0 | P14: =Sheet1!$D$2 -> 6.948e-08 | Q14: =M14*P14 -> 0 | R14: =Sheet1!$D$3 -> 1.782e-06 | S14: =M14*R14 -> 0 | T14: 495 | U14: =(T14*M14)/1000000 -> 0
A15: FOP-3 | B15: National Refinery NRL Refinery | C15: 24.846041 | D15: 67.124187 | E15: Furnace Oil | F15: furnace oil | H15: Pakistan | I15: operating | J15: 0 | L15: =((J15*300)*3.6) -> 0 | M15: =L15/0.35 -> 0 | N15: =Sheet1!$D$5 -> 9.072e-08 | O15: =N15*M15 -> 0 | P15: =Sheet1!$D$2 -> 6.948e-08 | Q15: =M15*P15 -> 0 | R15: =Sheet1!$D$3 -> 1.782e-06 | S15: =M15*R15 -> 0 | T15: 495 | U15: =(T15*M15)/1000000 -> 0
A16: FOP-4 | B16: Kohinoor Energy | C16: 31.2632 | D16: 74.187482 | E16: Furnace Oil | F16: furnace oil | H16: Pakistan | I16: operating | J16: 1244 | K16: MW | L16: =((J16*300)*3.6) -> 1343520 | M16: =L16/0.35 -> 3838628.6 | N16: =Sheet1!$D$5 -> 9.072e-08 | O16: =N16*M16 -> 0.34824038 | P16: =Sheet1!$D$2 -> 6.948e-08 | Q16: =M16*P16 -> 0.26670791 | R16: =Sheet1!$D$3 -> 1.782e-06 | S16: =M16*R16 -> 6.8404361 | T16: 495 | U16: =(T16*M16)/1000000 -> 1900.1211
A17: FOP-5 | B17: Rousch Power Limited | C17: 30.569074 | D17: 72.143899 | E17: Furnace Oil | F17: gas | H17: Pakistan | I17: operating | J17: 450 | K17: MW | L17: =((J17*300)*3.6) -> 486000 | M17: =L17/0.35 -> 1388571.4 | N17: =Sheet1!$D$5 -> 9.072e-08 | O17: =N17*M17 -> 0.1259712 | P17: =Sheet1!$D$2 -> 6.948e-08 | Q17: =M17*P17 -> 0.096477943 | R17: =Sheet1!$D$3 -> 1.782e-06 | S17: =M17*R17 -> 2.4744343 | T17: 0.253 | U17: =(T17*M17)/1000000 -> 0.35130857
A18: FOP-6 | B18: Saba Power Plant | C18: 31.733074 | D18: 73.87351 | E18: Furnace Oil | F18: furnace oil | H18: Pakistan | I18: operating | J18: 134 | K18: MW | L18: =((J18*300)*3.6) -> 144720 | M18: =L18/0.35 -> 413485.71 | N18: =Sheet1!$D$5 -> 9.072e-08 | O18: =N18*M18 -> 0.037511424 | P18: =Sheet1!$D$2 -> 6.948e-08 | Q18: =M18*P18 -> 0.028728987 | R18: =Sheet1!$D$3 -> 1.782e-06 | S18: =M18*R18 -> 0.73683154 | T18: 495 | U18: =(T18*M18)/1000000 -> 204.67543
A19: FOP-7 | B19: Atlas Power Plant | C19: 31.678385 | D19: 74.085087 | E19: Furnace Oil | F19: furnace oil | H19: Pakistan | I19: operating | J19: 225 | K19: MW | L19: =((J19*300)*3.6) -> 243000 | M19: =L19/0.35 -> 694285.71 | N19: =Sheet1!$D$5 -> 9.072e-08 | O19: =N19*M19 -> 0.0629856 | P19: =Sheet1!$D$2 -> 6.948e-08 | Q19: =M19*P19 -> 0.048238971 | R19: =Sheet1!$D$3 -> 1.782e-06 | S19: =M19*R19 -> 1.2372171 | T19: 495 | U19: =(T19*M19)/1000000 -> 343.67143
A20: FOP-8 | B20: SAIF POWER PLANT | C20: 30.69621 | D20: 73.260595 | E20: Furnace Oil | F20: gas | H20: Pakistan | I20: operating | J20: 225 | K20: MW | L20: =((J20*300)*3.6) -> 243000 | M20: =L20/0.35 -> 694285.71 | N20: =Sheet1!$D$5 -> 9.072e-08 | O20: =N20*M20 -> 0.0629856 | P20: =Sheet1!$D$2 -> 6.948e-08 | Q20: =M20*P20 -> 0.048238971 | R20: =Sheet1!$D$3 -> 1.782e-06 | S20: =M20*R20 -> 1.2372171 | T20: 0.253 | U20: =(T20*M20)/1000000 -> 0.17565429
A21: FOP-9 | B21: Orient Power Station | C21: 31.18786 | D21: 73.890052 | E21: Furnace Oil | F21: gas | H21: Pakistan | I21: operating | J21: 225 | K21: MW | L21: =((J21*300)*3.6) -> 243000 | M21: =L21/0.35 -> 694285.71 | N21: =Sheet1!$D$5 -> 9.072e-08 | O21: =N21*M21 -> 0.0629856 | P21: =Sheet1!$D$2 -> 6.948e-08 | Q21: =M21*P21 -> 0.048238971 | R21: =Sheet1!$D$3 -> 1.782e-06 | S21: =M21*R21 -> 1.2372171 | T21: 0.253 | U21: =(T21*M21)/1000000 -> 0.17565429
A22: FOP-10 | B22: Nishat Power Limited | C22: 31.122248 | D22: 73.905394 | E22: Furnace Oil | F22: furnace oil | H22: Pakistan | I22: operating | J22: 195 | K22: MW | L22: =((J22*300)*3.6) -> 210600 | M22: =L22/0.35 -> 601714.29 | N22: =Sheet1!$D$5 -> 9.072e-08 | O22: =N22*M22 -> 0.05458752 | P22: =Sheet1!$D$2 -> 6.948e-08 | Q22: =M22*P22 -> 0.041807109 | R22: =Sheet1!$D$3 -> 1.782e-06 | S22: =M22*R22 -> 1.0722549 | T22: 495 | U22: =(T22*M22)/1000000 -> 297.84857
A23: FOP-11 | B23: Nishat Chunian Power | C23: 31.123387 | D23: 73.905304 | E23: Furnace Oil | F23: furnace oil | H23: Pakistan | I23: operating | J23: 195 | K23: MW | L23: =((J23*300)*3.6) -> 210600 | M23: =L23/0.35 -> 601714.29 | N23: =Sheet1!$D$5 -> 9.072e-08 | O23: =N23*M23 -> 0.05458752 | P23: =Sheet1!$D$2 -> 6.948e-08 | Q23: =M23*P23 -> 0.041807109 | R23: =Sheet1!$D$3 -> 1.782e-06 | S23: =M23*R23 -> 1.0722549 | T23: 495 | U23: =(T23*M23)/1000000 -> 297.84857
A24: FOP-12 | B24: Sapphire Power Plant | C24: 31.760858 | D24: 74.0334 | E24: Furnace Oil | F24: gas | H24: Pakistan | I24: operating | J24: 225 | K24: MW | L24: =((J24*300)*3.6) -> 243000 | M24: =L24/0.35 -> 694285.71 | N24: =Sheet1!$D$5 -> 9.072e-08 | O24: =N24*M24 -> 0.0629856 | P24: =Sheet1!$D$2 -> 6.948e-08 | Q24: =M24*P24 -> 0.048238971 | R24: =Sheet1!$D$3 -> 1.782e-06 | S24: =M24*R24 -> 1.2372171 | T24: 0.253 | U24: =(T24*M24)/1000000 -> 0.17565429
A25: FOP-13 | B25: Halmore Power Station | C25: 31.633141 | D25: 73.870311 | E25: Furnace Oil | F25: gas | H25: Pakistan | I25: operating | J25: 225 | K25: MW | L25: =((J25*300)*3.6) -> 243000 | M25: =L25/0.35 -> 694285.71 | N25: =Sheet1!$D$5 -> 9.072e-08 | O25: =N25*M25 -> 0.0629856 | P25: =Sheet1!$D$2 -> 6.948e-08 | Q25: =M25*P25 -> 0.048238971 | R25: =Sheet1!$D$3 -> 1.782e-06 | S25: =M25*R25 -> 1.2372171 | T25: 0.253 | U25: =(T25*M25)/1000000 -> 0.17565429
A26: FOP-14 | B26: Hubco Narowal Energy | C26: 32.059082 | D26: 74.781275 | E26: Furnace Oil | F26: furnace oil | H26: Pakistan | I26: operating | J26: 214 | K26: MW | L26: =((J26*300)*3.6) -> 231120 | M26: =L26/0.35 -> 660342.86 | N26: =Sheet1!$D$5 -> 9.072e-08 | O26: =N26*M26 -> 0.059906304 | P26: =Sheet1!$D$2 -> 6.948e-08 | Q26: =M26*P26 -> 0.045880622 | R26: =Sheet1!$D$3 -> 1.782e-06 | S26: =M26*R26 -> 1.176731 | T26: 495 | U26: =(T26*M26)/1000000 -> 326.86971
A27: FOP-15 | B27: Liberty Power Tech | C27: 31.699592 | D27: 73.210921 | E27: Furnace Oil | F27: furnace oil | H27: Pakistan | I27: operating | J27: 200 | K27: MW | L27: =((J27*300)*3.6) -> 216000 | M27: =L27/0.35 -> 617142.86 | N27: =Sheet1!$D$5 -> 9.072e-08 | O27: =N27*M27 -> 0.0559872 | P27: =Sheet1!$D$2 -> 6.948e-08 | Q27: =M27*P27 -> 0.042879086 | R27: =Sheet1!$D$3 -> 1.782e-06 | S27: =M27*R27 -> 1.0997486 | T27: 495 | U27: =(T27*M27)/1000000 -> 305.48571
... A36: FOP-24 | B36: Southern Electric Power | C36: 31.291531 | D36: 74.249532 | E36: Furnace Oil | F36: furnace oil | H36: Pakistan | I36: operating | J36: 136 | K36: MW | L36: =((J36*300)*3.6) -> 146880 | M36: =L36/0.35 -> 419657.14 | N36: =Sheet1!$D$5 -> 9.072e-08 | O36: =N36*M36 -> 0.038071296 | P36: =Sheet1!$D$2 -> 6.948e-08 | Q36: =M36*P36 -> 0.029157778 | R36: =Sheet1!$D$3 -> 1.782e-06 | S36: =M36*R36 -> 0.74782903 | T36: 495 | U36: =(T36*M36)/1000000 -> 207.73029

Sheet Sheet1
A1: Pollutant | B1: EF | C1: Unit | D1: EF normalised (tonnes of pollutant/tonnes of production) | E1: Notes
A2: PM2.5 | B2: =19.3*0.0000036 -> 6.948e-05 | C2: tonne/000 tonnes | D2: =B2/1000 -> 6.948e-08
A3: SO2 | B3: =495*0.0000036 -> 0.001782 | C3: tonne/000 tonnes | D3: =B3/1000 -> 1.782e-06
A4: NOx | B4: =142*0.0000036 -> 0.0005112 | C4: tonne/000 tonnes | D4: =B4/1000 -> 5.112e-07
A5: PM10* | B5: =25.2*0.0000036 -> 9.072e-05 | C5: tonne/000 tonnes | D5: =B5/1000 -> 9.072e-08
A10: Source | B10: Jindamanee, K., Thepanondh, S., Keawboonchu, J., Pinthong, N., & Meeyai, A. (2024). Manifesting the hidden pollutants: Quantifying emissions and environmental impact of petroleum refinery on PM2. 5. Atmospheric Environment: X , , 24 , 100300.
