Workbook

Sheet Sheet1
A1: pollutant | B1: fuel | C1: ef | D1: unit | E1: ef (tonnes of pollutant/Litres of fuel)
A2: PM2.5 | B2: oil | C2: =(4.67*Assumptions_Formulas!D13*Assumptions_Formulas!D15) -> 2.404116 | D2: g/Litre | E2: =C2/1000000 -> 2.404116e-06
A3: SO2 | B3: oil | C3: =157*Assumptions_Formulas!D14*Assumptions_Formulas!D15 -> 65.94 | D3: g/Litre | E3: =C3/1000000 -> 6.594e-05
A4: NOx | B4: oil | C4: =55*Assumptions_Formulas!D15 -> 6.6 | D4: g/Litre | E4: =C4/1000000 -> 6.6e-06
A5: PM10* | B5: oil | C5: =7.17*Assumptions_Formulas!D13*Assumptions_Formulas!D15 -> 3.691116 | D5: g/Litre | E5: =C5/1000000 -> 3.691116e-06
A6: CO | B6: oil | C6: =5*Assumptions_Formulas!D15 -> 0.6 | D6: g/Litre | E6: =C6/1000000 -> 6e-07
A7: PM2.5 | B7: gas | C7: 0.1222 | D7: g/m3 | E7: =C7/1000000 -> 1.222e-07
A8: SO2 | B8: gas | C8: 0.0096 | D8: g/m3 | E8: =C8/1000000 -> 9.6e-09
A9: NOx | B9: gas | C9: 1.6 | D9: g/m3 | E9: =C9/1000000 -> 1.6e-06 | F9: https://www.convertunits.com/from/g/m3/to/tonne/cubic+metre
A10: PM10* | B10: gas | C10: 0.122 | D10: g/m3 | E10: =C10/1000000 -> 1.22e-07
A11: CO | B11: gas | C11: 1.34 | D11: g/m3 | E11: =C11/1000000 -> 1.34e-06
A12: Source | C12: Jindamanee, K., Thepanondh, S., Keawboonchu, J., Pinthong, N., & Meeyai, A. (2024). Manifesting the hidden pollutants: Quantifying emissions and environmental impact of petroleum refinery on PM2. 5. Atmospheric Environment: X , , 24 , 100300.

Sheet Assumptions_Formulas
A1: Item | B1: Formula | C1: Notes | D1: Value
A2: HOURS_PER_YEAR | B2: H = 365 × 24 | C2: 8,760 h/yr | D2: 8760
A3: M3_Per_MWH | C3: ≈270.7 M3/MWh with η=0.35, LHV=38 MJ/m3 | D3: 270.7
A4: LITRES_PER_MWH | B4: L/MWh = 3.6 GJ / (η × LHV) × (1/ρ) | C4: ≈253 L/MWh with η=0.35, LHV=41 MJ/kg, ρ=0.99 kg/L | D4: 253
A5: DENSITY | B5: ρ | C5: 0.99 kg/L | D5: 0.99
A6: DEFAULT_CF | B6: CF default | C6: 0.463 (Pakistan fossil average) | D6: 0.463
A7: PM_CONTROL | B7: Apply ×0.05 to PM | C7: ESP control; gases uncontrolled here | D7: 0.05
A8: EF_convert(tonnes/m3) | B8: EF_tonnes/m3 = EF_g/m3 ÷ 1e6
A9: EF_convert | B9: EF_tonnes/L = EF_g/L ÷ 1e6 | C9: Unit conversion
A10: L/yr (MW) | B10: L/yr = MW × 8760 × CF × 253 | C10: If unit == MW
A11: L/yr (kt/yr) | B11: L/yr = (kt × 1e6 kg/kt) / ρ | C11: If unit == kt/yr
A12: Emissions | B12: t/yr = L/yr × EF_tonnes/L | C12: Apply PM control if applicable
A13: Particulate emission factors for residual oil combustion without emission controls(A) | B13: A = (1.12*S)+0.37 | D13: =(1.12*D14)+0.37 -> 4.29
A14: Weight % of S in oil | B14: S | D14: 3.5
A15: conversion factor (lb/gallons to g/l) | C15: https://www.winebusiness.com/calculator/winemaking/calc/20/ | D15: 0.12
A16: Nox_control | D16: 0.1

Sheet Sheet2
A1: id | B1: name | C1: lat | D1: lon | E1: type | F1: fuel | G1: state | H1: country | I1: status | J1: capacity_power | K1: units | L1: capacity_factor | M1: fuel_volume(l/yr_m3/yr) | N1: emfpm10 | O1: pm10_t_yr | P1: emfpm25 | Q1: pm25_t_yr | R1: emfso2 | S1: so2_t_yr | T1: emfnox | U1: nox_t_yr | V1: emfco | W1: co_t_yr
A2: FOP-4 | B2: Kohinoor Energy | C2: 31.2632 | D2: 74.187482 | E2: Furnace Oil | F2: furnace oil | H2: Pakistan | I2: operating | J2: 1244 | K2: MW | L2: 0.463 | M2: =IF(F2="Furnace Oil",J2*L2*Assumptions_Formulas!$D$2*Assumptions_Formulas!$D$4,(J2*L2*Assumptions_Formulas!$D$2)/(0.35*0.038)) -> 1.2765152e+09 | N2: =IF(F2="Furnace Oil", Sheet1!$E$5,Sheet1!$E$10) -> 3.691116e-06 | O2: =(M2*N2)*Assumptions_Formulas!$D$7 -> 235.58829 | P2: =IF(F2="Furnace Oil", Sheet1!$E$2, Sheet1!$E$7) -> 2.404116e-06 | Q2: =(M2*P2)*Assumptions_Formulas!$D$7 -> 153.44453 | R2: =IF(F2 = "Furnace Oil", Sheet1!$E$3, Sheet1!$E$8) -> 6.594e-05 | S2: =(R2*M2)*Assumptions_Formulas!$D$7 -> 4208.6707 | T2: =IF(F2="Furnace Oil",Sheet1!$E$4,Sheet1!$E$9) -> 6.6e-06 | U2: =(T2*M2)*Assumptions_Formulas!$D$16 -> 842.50005 | V2: =IF(F2="Furnace Oil", Sheet1!$E$6, Sheet1!$E$11) -> 6e-07 | W2: =(V2*M2)*Assumptions_Formulas!$D$7 -> 38.295457
A3: FOP-5 | B3: Rousch Power Limited | C3: 30.569074 | D3: 72.143899 | E3: Furnace Oil | F3: gas | H3: Pakistan | I3: operating | J3: 450 | K3: MW | L3: 0.463 | M3: =IF(F3="Furnace Oil",J3*L3*Assumptions_Formulas!$D$2*Assumptions_Formulas!$D$4,(J3*L3*Assumptions_Formulas!$D$2)/(0.35*0.038)) -> 1.3722902e+08 | N3: =IF(F3="Furnace Oil", Sheet1!$E$5,Sheet1!$E$10) -> 1.22e-07 | O3: =(M3*N3)*Assumptions_Formulas!$D$7 -> 0.83709704 | P3: =IF(F3="Furnace Oil", Sheet1!$E$2, Sheet1!$E$7) -> 1.222e-07 | Q3: =(M3*P3)*Assumptions_Formulas!$D$7 -> 0.83846933 | R3: =IF(F3 = "Furnace Oil", Sheet1!$E$3, Sheet1!$E$8) -> 9.6e-09 | S3: =(R3*M3)*Assumptions_Formulas!$D$7 -> 0.065869931 | T3: =IF(F3="Furnace Oil",Sheet1!$E$4,Sheet1!$E$9) -> 1.6e-06 | U3: =(T3*M3)*Assumptions_Formulas!$D$16 -> 21.956644 | V3: =IF(F3="Furnace Oil", Sheet1!$E$6, Sheet1!$E$11) -> 1.34e-06 | W3: =(V3*M3)*Assumptions_Formulas!$D$7 -> 9.1943445
A4: FOP-6 | B4: Saba Power Plant | C4: 31.733074 | D4: 73.87351 | E4: Furnace Oil | F4: furnace oil | H4: Pakistan | I4: operating | J4: 134 | K4: MW | L4: 0.463 | M4: =IF(F4="Furnace Oil",J4*L4*Assumptions_Formulas!$D$2*Assumptions_Formulas!$D$4,(J4*L4*Assumptions_Formulas!$D$2)/(0.35*0.038)) -> 1.3750244e+08 | N4: =IF(F4="Furnace Oil", Sheet1!$E$5,Sheet1!$E$10) -> 3.691116e-06 | O4: =(M4*N4)*Assumptions_Formulas!$D$7 -> 25.376874 | P4: =IF(F4="Furnace Oil", Sheet1!$E$2, Sheet1!$E$7) -> 2.404116e-06 | Q4: =(M4*P4)*Assumptions_Formulas!$D$7 -> 16.528591 | R4: =IF(F4 = "Furnace Oil", Sheet1!$E$3, Sheet1!$E$8) -> 6.594e-05 | S4: =(R4*M4)*Assumptions_Formulas!$D$7 -> 453.34556 | T4: =IF(F4="Furnace Oil",Sheet1!$E$4,Sheet1!$E$9) -> 6.6e-06 | U4: =(T4*M4)*Assumptions_Formulas!$D$16 -> 90.751613 | V4: =IF(F4="Furnace Oil", Sheet1!$E$6, Sheet1!$E$11) -> 6e-07 | W4: =(V4*M4)*Assumptions_Formulas!$D$7 -> 4.1250733
A5: FOP-7 | B5: Atlas Power Plant | C5: 31.678385 | D5: 74.085087 | E5: Furnace Oil | F5: furnace oil | H5: Pakistan | I5: operating | J5: 225 | K5: MW | L5: 0.463 | M5: =IF(F5="Furnace Oil",J5*L5*Assumptions_Formulas!$D$2*Assumptions_Formulas!$D$4,(J5*L5*Assumptions_Formulas!$D$2)/(0.35*0.038)) -> 2.3088097e+08 | N5: =IF(F5="Furnace Oil", Sheet1!$E$5,Sheet1!$E$10) -> 3.691116e-06 | O5: =(M5*N5)*Assumptions_Formulas!$D$7 -> 42.610422 | P5: =IF(F5="Furnace Oil", Sheet1!$E$2, Sheet1!$E$7) -> 2.404116e-06 | Q5: =(M5*P5)*Assumptions_Formulas!$D$7 -> 27.753232 | R5: =IF(F5 = "Furnace Oil", Sheet1!$E$3, Sheet1!$E$8) -> 6.594e-05 | S5: =(R5*M5)*Assumptions_Formulas!$D$7 -> 761.21455 | T5: =IF(F5="Furnace Oil",Sheet1!$E$4,Sheet1!$E$9) -> 6.6e-06 | U5: =(T5*M5)*Assumptions_Formulas!$D$16 -> 152.38144 | V5: =IF(F5="Furnace Oil", Sheet1!$E$6, Sheet1!$E$11) -> 6e-07 | W5: =(V5*M5)*Assumptions_Formulas!$D$7 -> 6.9264291
A6: FOP-8 | B6: SAIF POWER PLANT | C6: 30.69621 | D6: 73.260595 | E6: Furnace Oil | F6: gas | H6: Pakistan | I6: operating | J6: 225 | K6: MW | L6: 0.463 | M6: =IF(F6="Furnace Oil",J6*L6*Assumptions_Formulas!$D$2*Assumptions_Formulas!$D$4,(J6*L6*Assumptions_Formulas!$D$2)/(0.35*0.038)) -> 68614511 | N6: =IF(F6="Furnace Oil", Sheet1!$E$5,Sheet1!$E$10) -> 1.22e-07 | O6: =(M6*N6)*Assumptions_Formulas!$D$7 -> 0.41854852 | P6: =IF(F6="Furnace Oil", Sheet1!$E$2, Sheet1!$E$7) -> 1.222e-07 | Q6: =(M6*P6)*Assumptions_Formulas!$D$7 -> 0.41923466 | R6: =IF(F6 = "Furnace Oil", Sheet1!$E$3, Sheet1!$E$8) -> 9.6e-09 | S6: =(R6*M6)*Assumptions_Formulas!$D$7 -> 0.032934965 | T6: =IF(F6="Furnace Oil",Sheet1!$E$4,Sheet1!$E$9) -> 1.6e-06 | U6: =(T6*M6)*Assumptions_Formulas!$D$16 -> 10.978322 | V6: =IF(F6="Furnace Oil", Sheet1!$E$6, Sheet1!$E$11) -> 1.34e-06 | W6: =(V6*M6)*Assumptions_Formulas!$D$7 -> 4.5971723
A7: FOP-9 | B7: Orient Power Station | C7: 31.18786 | D7: 73.890052 | E7: Furnace Oil | F7: gas | H7: Pakistan | I7: operating | J7: 225 | K7: MW | L7: 0.463 | M7: =IF(F7="Furnace Oil",J7*L7*Assumptions_Formulas!$D$2*Assumptions_Formulas!$D$4,(J7*L7*Assumptions_Formulas!$D$2)/(0.35*0.038)) -> 68614511 | N7: =IF(F7="Furnace Oil", Sheet1!$E$5,Sheet1!$E$10) -> 1.22e-07 | O7: =(M7*N7)*Assumptions_Formulas!$D$7 -> 0.41854852 | P7: =IF(F7="Furnace Oil", Sheet1!$E$2, Sheet1!$E$7) -> 1.222e-07 | Q7: =(M7*P7)*Assumptions_Formulas!$D$7 -> 0.41923466 | R7: =IF(F7 = "Furnace Oil", Sheet1!$E$3, Sheet1!$E$8) -> 9.6e-09 | S7: =(R7*M7)*Assumptions_Formulas!$D$7 -> 0.032934965 | T7: =IF(F7="Furnace Oil",Sheet1!$E$4,Sheet1!$E$9) -> 1.6e-06 | U7: =(T7*M7)*Assumptions_Formulas!$D$16 -> 10.978322 | V7: =IF(F7="Furnace Oil", Sheet1!$E$6, Sheet1!$E$11) -> 1.34e-06 | W7: =(V7*M7)*Assumptions_Formulas!$D$7 -> 4.5971723
A8: FOP-10 | B8: Nishat Power Limited | C8: 31.122248 | D8: 73.905394 | E8: Furnace Oil | F8: furnace oil | H8: Pakistan | I8: operating | J8: 195 | K8: MW | L8: 0.463 | M8: =IF(F8="Furnace Oil",J8*L8*Assumptions_Formulas!$D$2*Assumptions_Formulas!$D$4,(J8*L8*Assumptions_Formulas!$D$2)/(0.35*0.038)) -> 2.0009684e+08 | N8: =IF(F8="Furnace Oil", Sheet1!$E$5,Sheet1!$E$10) -> 3.691116e-06 | O8: =(M8*N8)*Assumptions_Formulas!$D$7 -> 36.929032 | P8: =IF(F8="Furnace Oil", Sheet1!$E$2, Sheet1!$E$7) -> 2.404116e-06 | Q8: =(M8*P8)*Assumptions_Formulas!$D$7 -> 24.052801 | R8: =IF(F8 = "Furnace Oil", Sheet1!$E$3, Sheet1!$E$8) -> 6.594e-05 | S8: =(R8*M8)*Assumptions_Formulas!$D$7 -> 659.71928 | T8: =IF(F8="Furnace Oil",Sheet1!$E$4,Sheet1!$E$9) -> 6.6e-06 | U8: =(T8*M8)*Assumptions_Formulas!$D$16 -> 132.06391 | V8: =IF(F8="Furnace Oil", Sheet1!$E$6, Sheet1!$E$11) -> 6e-07 | W8: =(V8*M8)*Assumptions_Formulas!$D$7 -> 6.0029052
A9: FOP-11 | B9: Nishat Chunian Power | C9: 31.123387 | D9: 73.905304 | E9: Furnace Oil | F9: furnace oil | H9: Pakistan | I9: operating | J9: 195 | K9: MW | L9: 0.463 | M9: =IF(F9="Furnace Oil",J9*L9*Assumptions_Formulas!$D$2*Assumptions_Formulas!$D$4,(J9*L9*Assumptions_Formulas!$D$2)/(0.35*0.038)) -> 2.0009684e+08 | N9: =IF(F9="Furnace Oil", Sheet1!$E$5,Sheet1!$E$10) -> 3.691116e-06 | O9: =(M9*N9)*Assumptions_Formulas!$D$7 -> 36.929032 | P9: =IF(F9="Furnace Oil", Sheet1!$E$2, Sheet1!$E$7) -> 2.404116e-06 | Q9: =(M9*P9)*Assumptions_Formulas!$D$7 -> 24.052801 | R9: =IF(F9 = "Furnace Oil", Sheet1!$E$3, Sheet1!$E$8) -> 6.594e-05 | S9: =(R9*M9)*Assumptions_Formulas!$D$7 -> 659.71928 | T9: =IF(F9="Furnace Oil",Sheet1!$E$4,Sheet1!$E$9) -> 6.6e-06 | U9: =(T9*M9)*Assumptions_Formulas!$D$16 -> 132.06391 | V9: =IF(F9="Furnace Oil", Sheet1!$E$6, Sheet1!$E$11) -> 6e-07 | W9: =(V9*M9)*Assumptions_Formulas!$D$7 -> 6.0029052
A10: FOP-12 | B10: Sapphire Power Plant | C10: 31.760858 | D10: 74.0334 | E10: Furnace Oil | F10: gas | H10: Pakistan | I10: operating | J10: 225 | K10: MW | L10: 0.463 | M10: =IF(F10="Furnace Oil",J10*L10*Assumptions_Formulas!$D$2*Assumptions_Formulas!$D$4,(J10*L10*Assumptions_Formulas!$D$2)/(0.35*0.038)) -> 68614511 | N10: =IF(F10="Furnace Oil", Sheet1!$E$5,Sheet1!$E$10) -> 1.22e-07 | O10: =(M10*N10)*Assumptions_Formulas!$D$7 -> 0.41854852 | P10: =IF(F10="Furnace Oil", Sheet1!$E$2, Sheet1!$E$7) -> 1.222e-07 | Q10: =(M10*P10)*Assumptions_Formulas!$D$7 -> 0.41923466 | R10: =IF(F10 = "Furnace Oil", Sheet1!$E$3, Sheet1!$E$8) -> 9.6e-09 | S10: =(R10*M10)*Assumptions_Formulas!$D$7 -> 0.032934965 | T10: =IF(F10="Furnace Oil",Sheet1!$E$4,Sheet1!$E$9) -> 1.6e-06 | U10: =(T10*M10)*Assumptions_Formulas!$D$16 -> 10.978322 | V10: =IF(F10="Furnace Oil", Sheet1!$E$6, Sheet1!$E$11) -> 1.34e-06 | W10: =(V10*M10)*Assumptions_Formulas!$D$7 -> 4.5971723
A11: FOP-13 | B11: Halmore Power Station | C11: 31.633141 | D11: 73.870311 | E11: Furnace Oil | F11: gas | H11: Pakistan | I11: operating | J11: 225 | K11: MW | L11: 0.463 | M11: =IF(F11="Furnace Oil",J11*L11*Assumptions_Formulas!$D$2*Assumptions_Formulas!$D$4,(J11*L11*Assumptions_Formulas!$D$2)/(0.35*0.038)) -> 68614511 | N11: =IF(F11="Furnace Oil", Sheet1!$E$5,Sheet1!$E$10) -> 1.22e-07 | O11: =(M11*N11)*Assumptions_Formulas!$D$7 -> 0.41854852 | P11: =IF(F11="Furnace Oil", Sheet1!$E$2, Sheet1!$E$7) -> 1.222e-07 | Q11: =(M11*P11)*Assumptions_Formulas!$D$7 -> 0.41923466 | R11: =IF(F11 = "Furnace Oil", Sheet1!$E$3, Sheet1!$E$8) -> 9.6e-09 | S11: =(R11*M11)*Assumptions_Formulas!$D$7 -> 0.032934965 | T11: =IF(F11="Furnace Oil",Sheet1!$E$4,Sheet1!$E$9) -> 1.6e-06 | U11: =(T11*M11)*Assumptions_Formulas!$D$16 -> 10.978322 | V11: =IF(F11="Furnace Oil", Sheet1!$E$6, Sheet1!$E$11) -> 1.34e-06 | W11: =(V11*M11)*Assumptions_Formulas!$D$7 -> 4.5971723
A12: FOP-14 | B12: Hubco Narowal Energy | C12: 32.059082 | D12: 74.781275 | E12: Furnace Oil | F12: furnace oil | H12: Pakistan | I12: operating | J12: 214 | K12: MW | L12: 0.463 | M12: =IF(F12="Furnace Oil",J12*L12*Assumptions_Formulas!$D$2*Assumptions_Formulas!$D$4,(J12*L12*Assumptions_Formulas!$D$2)/(0.35*0.038)) -> 2.1959345e+08 | N12: =IF(F12="Furnace Oil", Sheet1!$E$5,Sheet1!$E$10) -> 3.691116e-06 | O12: =(M12*N12)*Assumptions_Formulas!$D$7 -> 40.527246 | P12: =IF(F12="Furnace Oil", Sheet1!$E$2, Sheet1!$E$7) -> 2.404116e-06 | Q12: =(M12*P12)*Assumptions_Formulas!$D$7 -> 26.396407 | R12: =IF(F12 = "Furnace Oil", Sheet1!$E$3, Sheet1!$E$8) -> 6.594e-05 | S12: =(R12*M12)*Assumptions_Formulas!$D$7 -> 723.99962 | T12: =IF(F12="Furnace Oil",Sheet1!$E$4,Sheet1!$E$9) -> 6.6e-06 | U12: =(T12*M12)*Assumptions_Formulas!$D$16 -> 144.93168 | V12: =IF(F12="Furnace Oil", Sheet1!$E$6, Sheet1!$E$11) -> 6e-07 | W12: =(V12*M12)*Assumptions_Formulas!$D$7 -> 6.5878036
A13: FOP-15 | B13: Liberty Power Tech | C13: 31.699592 | D13: 73.210921 | E13: Furnace Oil | F13: furnace oil | H13: Pakistan | I13: operating | J13: 200 | K13: MW | L13: 0.463 | M13: =IF(F13="Furnace Oil",J13*L13*Assumptions_Formulas!$D$2*Assumptions_Formulas!$D$4,(J13*L13*Assumptions_Formulas!$D$2)/(0.35*0.038)) -> 2.0522753e+08 | N13: =IF(F13="Furnace Oil", Sheet1!$E$5,Sheet1!$E$10) -> 3.691116e-06 | O13: =(M13*N13)*Assumptions_Formulas!$D$7 -> 37.875931 | P13: =IF(F13="Furnace Oil", Sheet1!$E$2, Sheet1!$E$7) -> 2.404116e-06 | Q13: =(M13*P13)*Assumptions_Formulas!$D$7 -> 24.669539 | R13: =IF(F13 = "Furnace Oil", Sheet1!$E$3, Sheet1!$E$8) -> 6.594e-05 | S13: =(R13*M13)*Assumptions_Formulas!$D$7 -> 676.63516 | T13: =IF(F13="Furnace Oil",Sheet1!$E$4,Sheet1!$E$9) -> 6.6e-06 | U13: =(T13*M13)*Assumptions_Formulas!$D$16 -> 135.45017 | V13: =IF(F13="Furnace Oil", Sheet1!$E$6, Sheet1!$E$11) -> 6e-07 | W13: =(V13*M13)*Assumptions_Formulas!$D$7 -> 6.1568258
... A22: FOP-24 | B22: Southern Electric Power | C22: 31.291531 | D22: 74.249532 | E22: Furnace Oil | F22: furnace oil | H22: Pakistan | I22: operating | J22: 136 | K22: MW | L22: 0.463 | M22: =IF(F22="Furnace Oil",J22*L22*Assumptions_Formulas!$D$2*Assumptions_Formulas!$D$4,(J22*L22*Assumptions_Formulas!$D$2)/(0.35*0.038)) -> 1.3955472e+08 | N22: =IF(F22="Furnace Oil", Sheet1!$E$5,Sheet1!$E$10) -> 3.691116e-06 | O22: =(M22*N22)*Assumptions_Formulas!$D$7 -> 25.755633 | P22: =IF(F22="Furnace Oil", Sheet1!$E$2, Sheet1!$E$7) -> 2.404116e-06 | Q22: =(M22*P22)*Assumptions_Formulas!$D$7 -> 16.775287 | R22: =IF(F22 = "Furnace Oil", Sheet1!$E$3, Sheet1!$E$8) -> 6.594e-05 | S22: =(R22*M22)*Assumptions_Formulas!$D$7 -> 460.11191 | T22: =IF(F22="Furnace Oil",Sheet1!$E$4,Sheet1!$E$9) -> 6.6e-06 | U22: =(T22*M22)*Assumptions_Formulas!$D$16 -> 92.106115 | V22: =IF(F22="Furnace Oil", Sheet1!$E$6, Sheet1!$E$11) -> 6e-07 | W22: =(V22*M22)*Assumptions_Formulas!$D$7 -> 4.1866416
