Workbook

Sheet Data Description
A1: Air Pollution Asset Level Detection
A2: Field | B2: Details
A3: Project Name | B3: APAD
A4: Description | B4: Non-GHG emissions estimation using Emisison Factors from capacity and fuel consumption as proxies
A5: Source Data Link | B5: GitHub repo
A6: Contact Person | B6: Hassan Sheikh (hassan.sheikh@smithschool.ox.ac.uk) and Khizer Zakir (kizarzakir@gmail.com)
A8: Sheet Name | B8: Details
A9: Brick Kilns | B9: Covers data related to emissions and energy consumption from brick manufacturing facilities. Typically includes information on kiln types, fuel use (coal, biomass, etc.), production output, and emission factors.
A10: Steel Plants | B10: Includes asset data from iron and steel industry. Captures no-GHG emissions from fuel combustion during operations only.
A11: Coal Plants | B11: Documents energy generation and emissions from coal-fired power plants. Tracks plant capacities, generation output, and associated non GHG emissions
A12: Frunace Oil | B12: Includes consumption volumes, energy intensity, and emission estimates.
A13: Paper and Pulp | B13: Non GHG emissions using production capacity as a proxy
A14: Cement Plants | B14: Captures non-GHG emissions data on cement manufacturing capacity
... A37: Nox_t_yr | B37: Annual Nox emissions in tonnes
A38: Nature Based Solutions Ltd.
A39: Future work | B39: Include NH3, CH4, Black Carbon, CO emission estimates

Sheet Brick Kilns_Biomass
A1: id | B1: lat | C1: lon | D1: type | E1: fuel | F1: region | G1: country | H1: status | I1: capacity_tonnes | J1: emfpm10 | K1: pm10_t_yr | L1: emfpm25 | M1: pm25_t_yr | N1: emfso2 | O1: so2_t_yr | P1: emfnox | Q1: Nox_t_yr | R1: Notes
A2: BKB-1 | B2: 24.117443 | C2: 90.164116 | D2: FCBK | E2: biomass | F2: Dhaka | G2: Bangladesh | H2: operating | I2: =(Brick_Kilns_EF!$B$13*Brick_Kilns_EF!$B$11*Brick_Kilns_EF!$B$12) -> 8886.81 | J2: =IF(D2="ZZ",Brick_Kilns_EF!$E$9*(0.75),Brick_Kilns_EF!$E$9) -> 0.0007474 | K2: =I2*J2 -> 6.6420018 | L2: =IF(D2="ZZ", Brick_Kilns_EF!$E$6*(0.75),Brick_Kilns_EF!$E$6) -> 0.000404 | M2: =L2*I2 -> 3.5902712 | N2: =IF(D2="ZZ",Brick_Kilns_EF!$E$7*(0.75),Brick_Kilns_EF!$E$7) -> 0.00319 | O2: =I2*N2 -> 28.348924 | P2: =IF(D2="ZZ",Brick_Kilns_EF!$E$8*(0.75),Brick_Kilns_EF!$E$8) -> 0.00072 | Q2: =I2*P2 -> 6.3985032 | R2: Convert to tonnes. Either tonnes/day or tonnes/yr
A3: BKB-2 | B3: 22.856527 | C3: 89.620593 | D3: FCBK | E3: biomass | F3: Khulna | G3: Bangladesh | H3: operating | I3: =(Brick_Kilns_EF!$B$13*Brick_Kilns_EF!$B$11*Brick_Kilns_EF!$B$12) -> 8886.81 | J3: =IF(D3="ZZ",Brick_Kilns_EF!$E$9*(0.75),Brick_Kilns_EF!$E$9) -> 0.0007474 | K3: =I3*J3 -> 6.6420018 | L3: =IF(D3="ZZ", Brick_Kilns_EF!$E$6*(0.75),Brick_Kilns_EF!$E$6) -> 0.000404 | M3: =L3*I3 -> 3.5902712 | N3: =IF(D3="ZZ",Brick_Kilns_EF!$E$7*(0.75),Brick_Kilns_EF!$E$7) -> 0.00319 | O3: =I3*N3 -> 28.348924 | P3: =IF(D3="ZZ",Brick_Kilns_EF!$E$8*(0.75),Brick_Kilns_EF!$E$8) -> 0.00072 | Q3: =I3*P3 -> 6.3985032
A4: BKB-3 | B4: 22.941113 | C4: 90.528699 | D4: FCBK | E4: biomass | F4: Barisal | G4: Bangladesh | H4: operating | I4: =(Brick_Kilns_EF!$B$13*Brick_Kilns_EF!$B$11*Brick_Kilns_EF!$B$12) -> 8886.81 | J4: =IF(D4="ZZ",Brick_Kilns_EF!$E$9*(0.75),Brick_Kilns_EF!$E$9) -> 0.0007474 | K4: =I4*J4 -> 6.6420018 | L4: =IF(D4="ZZ", Brick_Kilns_EF!$E$6*(0.75),Brick_Kilns_EF!$E$6) -> 0.000404 | M4: =L4*I4 -> 3.5902712 | N4: =IF(D4="ZZ",Brick_Kilns_EF!$E$7*(0.75),Brick_Kilns_EF!$E$7) -> 0.00319 | O4: =I4*N4 -> 28.348924 | P4: =IF(D4="ZZ",Brick_Kilns_EF!$E$8*(0.75),Brick_Kilns_EF!$E$8) -> 0.00072 | Q4: =I4*P4 -> 6.3985032
A5: BKB-4 | B5: 22.944198 | C5: 90.527608 | D5: FCBK | E5: biomass | F5: Barisal | G5: Bangladesh | H5: operating | I5: =(Brick_Kilns_EF!$B$13*Brick_Kilns_EF!$B$11*Brick_Kilns_EF!$B$12) -> 8886.81 | J5: =IF(D5="ZZ",Brick_Kilns_EF!$E$9*(0.75),Brick_Kilns_EF!$E$9) -> 0.0007474 | K5: =I5*J5 -> 6.6420018 | L5: =IF(D5="ZZ", Brick_Kilns_EF!$E$6*(0.75),Brick_Kilns_EF!$E$6) -> 0.000404 | M5: =L5*I5 -> 3.5902712 | N5: =IF(D5="ZZ",Brick_Kilns_EF!$E$7*(0.75),Brick_Kilns_EF!$E$7) -> 0.00319 | O5: =I5*N5 -> 28.348924 | P5: =IF(D5="ZZ",Brick_Kilns_EF!$E$8*(0.75),Brick_Kilns_EF!$E$8) -> 0.00072 | Q5: =I5*P5 -> 6.3985032
A6: BKB-5 | B6: 22.94455 | C6: 90.525168 | D6: FCBK | E6: biomass | F6: Barisal | G6: Bangladesh | H6: operating | I6: =(Brick_Kilns_EF!$B$13*Brick_Kilns_EF!$B$11*Brick_Kilns_EF!$B$12) -> 8886.81 | J6: =IF(D6="ZZ",Brick_Kilns_EF!$E$9*(0.75),Brick_Kilns_EF!$E$9) -> 0.0007474 | K6: =I6*J6 -> 6.6420018 | L6: =IF(D6="ZZ", Brick_Kilns_EF!$E$6*(0.75),Brick_Kilns_EF!$E$6) -> 0.000404 | M6: =L6*I6 -> 3.5902712 | N6: =IF(D6="ZZ",Brick_Kilns_EF!$E$7*(0.75),Brick_Kilns_EF!$E$7) -> 0.00319 | O6: =I6*N6 -> 28.348924 | P6: =IF(D6="ZZ",Brick_Kilns_EF!$E$8*(0.75),Brick_Kilns_EF!$E$8) -> 0.00072 | Q6: =I6*P6 -> 6.3985032
A7: BKB-6 | B7: 22.589239 | C7: 89.446267 | D7: FCBK | E7: biomass | F7: Khulna | G7: Bangladesh | H7: operating | I7: =(Brick_Kilns_EF!$B$13*Brick_Kilns_EF!$B$11*Brick_Kilns_EF!$B$12) -> 8886.81 | J7: =IF(D7="ZZ",Brick_Kilns_EF!$E$9*(0.75),Brick_Kilns_EF!$E$9) -> 0.0007474 | K7: =I7*J7 -> 6.6420018 | L7: =IF(D7="ZZ", Brick_Kilns_EF!$E$6*(0.75),Brick_Kilns_EF!$E$6) -> 0.000404 | M7: =L7*I7 -> 3.5902712 | N7: =IF(D7="ZZ",Brick_Kilns_EF!$E$7*(0.75),Brick_Kilns_EF!$E$7) -> 0.00319 | O7: =I7*N7 -> 28.348924 | P7: =IF(D7="ZZ",Brick_Kilns_EF!$E$8*(0.75),Brick_Kilns_EF!$E$8) -> 0.00072 | Q7: =I7*P7 -> 6.3985032
A8: BKB-7 | B8: 22.321378 | C8: 89.107382 | D8: FCBK | E8: biomass | F8: Khulna | G8: Bangladesh | H8: operating | I8: =(Brick_Kilns_EF!$B$13*Brick_Kilns_EF!$B$11*Brick_Kilns_EF!$B$12) -> 8886.81 | J8: =IF(D8="ZZ",Brick_Kilns_EF!$E$9*(0.75),Brick_Kilns_EF!$E$9) -> 0.0007474 | K8: =I8*J8 -> 6.6420018 | L8: =IF(D8="ZZ", Brick_Kilns_EF!$E$6*(0.75),Brick_Kilns_EF!$E$6) -> 0.000404 | M8: =L8*I8 -> 3.5902712 | N8: =IF(D8="ZZ",Brick_Kilns_EF!$E$7*(0.75),Brick_Kilns_EF!$E$7) -> 0.00319 | O8: =I8*N8 -> 28.348924 | P8: =IF(D8="ZZ",Brick_Kilns_EF!$E$8*(0.75),Brick_Kilns_EF!$E$8) -> 0.00072 | Q8: =I8*P8 -> 6.3985032
A9: BKB-8 | B9: 23.812478 | C9: 90.401833 | D9: FCBK | E9: biomass | F9: Dhaka | G9: Bangladesh | H9: operating | I9: =(Brick_Kilns_EF!$B$13*Brick_Kilns_EF!$B$11*Brick_Kilns_EF!$B$12) -> 8886.81 | J9: =IF(D9="ZZ",Brick_Kilns_EF!$E$9*(0.75),Brick_Kilns_EF!$E$9) -> 0.0007474 | K9: =I9*J9 -> 6.6420018 | L9: =IF(D9="ZZ", Brick_Kilns_EF!$E$6*(0.75),Brick_Kilns_EF!$E$6) -> 0.000404 | M9: =L9*I9 -> 3.5902712 | N9: =IF(D9="ZZ",Brick_Kilns_EF!$E$7*(0.75),Brick_Kilns_EF!$E$7) -> 0.00319 | O9: =I9*N9 -> 28.348924 | P9: =IF(D9="ZZ",Brick_Kilns_EF!$E$8*(0.75),Brick_Kilns_EF!$E$8) -> 0.00072 | Q9: =I9*P9 -> 6.3985032
A10: BKB-9 | B10: 22.849516 | C10: 89.564229 | D10: FCBK | E10: biomass | F10: Khulna | G10: Bangladesh | H10: operating | I10: =(Brick_Kilns_EF!$B$13*Brick_Kilns_EF!$B$11*Brick_Kilns_EF!$B$12) -> 8886.81 | J10: =IF(D10="ZZ",Brick_Kilns_EF!$E$9*(0.75),Brick_Kilns_EF!$E$9) -> 0.0007474 | K10: =I10*J10 -> 6.6420018 | L10: =IF(D10="ZZ", Brick_Kilns_EF!$E$6*(0.75),Brick_Kilns_EF!$E$6) -> 0.000404 | M10: =L10*I10 -> 3.5902712 | N10: =IF(D10="ZZ",Brick_Kilns_EF!$E$7*(0.75),Brick_Kilns_EF!$E$7) -> 0.00319 | O10: =I10*N10 -> 28.348924 | P10: =IF(D10="ZZ",Brick_Kilns_EF!$E$8*(0.75),Brick_Kilns_EF!$E$8) -> 0.00072 | Q10: =I10*P10 -> 6.3985032
A11: BKB-10 | B11: 22.40491 | C11: 89.584722 | D11: FCBK | E11: biomass | F11: Khulna | G11: Bangladesh | H11: operating | I11: =(Brick_Kilns_EF!$B$13*Brick_Kilns_EF!$B$11*Brick_Kilns_EF!$B$12) -> 8886.81 | J11: =IF(D11="ZZ",Brick_Kilns_EF!$E$9*(0.75),Brick_Kilns_EF!$E$9) -> 0.0007474 | K11: =I11*J11 -> 6.6420018 | L11: =IF(D11="ZZ", Brick_Kilns_EF!$E$6*(0.75),Brick_Kilns_EF!$E$6) -> 0.000404 | M11: =L11*I11 -> 3.5902712 | N11: =IF(D11="ZZ",Brick_Kilns_EF!$E$7*(0.75),Brick_Kilns_EF!$E$7) -> 0.00319 | O11: =I11*N11 -> 28.348924 | P11: =IF(D11="ZZ",Brick_Kilns_EF!$E$8*(0.75),Brick_Kilns_EF!$E$8) -> 0.00072 | Q11: =I11*P11 -> 6.3985032
A12: BKB-11 | B12: 23.223222 | C12: 90.052877 | D12: FCBK | E12: biomass | F12: Dhaka | G12: Bangladesh | H12: operating | I12: =(Brick_Kilns_EF!$B$13*Brick_Kilns_EF!$B$11*Brick_Kilns_EF!$B$12) -> 8886.81 | J12: =IF(D12="ZZ",Brick_Kilns_EF!$E$9*(0.75),Brick_Kilns_EF!$E$9) -> 0.0007474 | K12: =I12*J12 -> 6.6420018 | L12: =IF(D12="ZZ", Brick_Kilns_EF!$E$6*(0.75),Brick_Kilns_EF!$E$6) -> 0.000404 | M12: =L12*I12 -> 3.5902712 | N12: =IF(D12="ZZ",Brick_Kilns_EF!$E$7*(0.75),Brick_Kilns_EF!$E$7) -> 0.00319 | O12: =I12*N12 -> 28.348924 | P12: =IF(D12="ZZ",Brick_Kilns_EF!$E$8*(0.75),Brick_Kilns_EF!$E$8) -> 0.00072 | Q12: =I12*P12 -> 6.3985032
A13: BKB-12 | B13: 22.50862 | C13: 90.376761 | D13: FCBK | E13: biomass | F13: Barisal | G13: Bangladesh | H13: operating | I13: =(Brick_Kilns_EF!$B$13*Brick_Kilns_EF!$B$11*Brick_Kilns_EF!$B$12) -> 8886.81 | J13: =IF(D13="ZZ",Brick_Kilns_EF!$E$9*(0.75),Brick_Kilns_EF!$E$9) -> 0.0007474 | K13: =I13*J13 -> 6.6420018 | L13: =IF(D13="ZZ", Brick_Kilns_EF!$E$6*(0.75),Brick_Kilns_EF!$E$6) -> 0.000404 | M13: =L13*I13 -> 3.5902712 | N13: =IF(D13="ZZ",Brick_Kilns_EF!$E$7*(0.75),Brick_Kilns_EF!$E$7) -> 0.00319 | O13: =I13*N13 -> 28.348924 | P13: =IF(D13="ZZ",Brick_Kilns_EF!$E$8*(0.75),Brick_Kilns_EF!$E$8) -> 0.00072 | Q13: =I13*P13 -> 6.3985032
A14: BKB-13 | B14: 22.757714 | C14: 89.09947 | D14: FCBK | E14: biomass | F14: Khulna | G14: Bangladesh | H14: operating | I14: =(Brick_Kilns_EF!$B$13*Brick_Kilns_EF!$B$11*Brick_Kilns_EF!$B$12) -> 8886.81 | J14: =IF(D14="ZZ",Brick_Kilns_EF!$E$9*(0.75),Brick_Kilns_EF!$E$9) -> 0.0007474 | K14: =I14*J14 -> 6.6420018 | L14: =IF(D14="ZZ", Brick_Kilns_EF!$E$6*(0.75),Brick_Kilns_EF!$E$6) -> 0.000404 | M14: =L14*I14 -> 3.5902712 | N14: =IF(D14="ZZ",Brick_Kilns_EF!$E$7*(0.75),Brick_Kilns_EF!$E$7) -> 0.00319 | O14: =I14*N14 -> 28.348924 | P14: =IF(D14="ZZ",Brick_Kilns_EF!$E$8*(0.75),Brick_Kilns_EF!$E$8) -> 0.00072 | Q14: =I14*P14 -> 6.3985032
... A4761: BKB-4760 | B4761: 21.906174 | C4761: 90.510164 | D4761: ZZ | E4761: biomass | F4761: Barisal | G4761: Bangladesh | H4761: operating | I4761: =(Brick_Kilns_EF!$B$13*Brick_Kilns_EF!$B$11*Brick_Kilns_EF!$B$12) -> 8886.81 | J4761: =IF(D4761="ZZ",Brick_Kilns_EF!$E$9*(0.75),Brick_Kilns_EF!$E$9) -> 0.00056055 | K4761: =I4761*J4761 -> 4.9815013 | L4761: =IF(D4761="ZZ", Brick_Kilns_EF!$E$6*(0.75),Brick_Kilns_EF!$E$6) -> 0.000303 | M4761: =L4761*I4761 -> 2.6927034 | N4761: =IF(D4761="ZZ",Brick_Kilns_EF!$E$7*(0.75),Brick_Kilns_EF!$E$7) -> 0.0023925 | O4761: =I4761*N4761 -> 21.261693 | P4761: =IF(D4761="ZZ",Brick_Kilns_EF!$E$8*(0.75),Brick_Kilns_EF!$E$8) -> 0.00054 | Q4761: =I4761*P4761 -> 4.7988774

Sheet Sheet9

Sheet Sheet10

Sheet Sheet11

Sheet Brick Kilns_Coal
A1: id | B1: lat | C1: lon | D1: type | E1: fuel | F1: region | G1: country | H1: status | I1: capacity_tonnes | J1: emfpm10 | K1: pm10_t_yr | L1: emfpm25 | M1: pm25_t_yr | N1: emfso2 | O1: so2_t_yr | P1: emfnox | Q1: Nox_t_yr | R1: Notes
A2: BKB-1 | B2: 24.117443 | C2: 90.164116 | D2: FCBK | E2: coal | F2: Dhaka | G2: Bangladesh | H2: operating | I2: =(Brick_Kilns_EF!$B$13*Brick_Kilns_EF!$B$11*Brick_Kilns_EF!$B$12) -> 8886.81 | J2: =IF(D2="ZZ",Brick_Kilns_EF!$E$5*(0.75),Brick_Kilns_EF!$E$5) -> 0.0097 | K2: =J2*I2 -> 86.202057 | L2: =IF(D2="ZZ",Brick_Kilns_EF!$E$2*(0.75),Brick_Kilns_EF!$E$2) -> 0.0068 | M2: =(I2*L2) -> 60.430308 | N2: =IF(D2="ZZ",Brick_Kilns_EF!$E$3*(0.75),Brick_Kilns_EF!$E$3) -> 0.0046 | O2: =I2*N2 -> 40.879326 | P2: =IF(D2="ZZ",Brick_Kilns_EF!$E$4*(0.75),Brick_Kilns_EF!$E$4) -> 0.0047 | Q2: =I2*P2 -> 41.768007 | R2: Convert to tonnes. Either tonnes/day or tonnes/yr
A3: BKB-2 | B3: 22.856527 | C3: 89.620593 | D3: FCBK | E3: coal | F3: Khulna | G3: Bangladesh | H3: operating | I3: =(Brick_Kilns_EF!$B$13*Brick_Kilns_EF!$B$11*Brick_Kilns_EF!$B$12) -> 8886.81 | J3: =IF(D3="ZZ",Brick_Kilns_EF!$E$5*(0.75),Brick_Kilns_EF!$E$5) -> 0.0097 | K3: =J3*I3 -> 86.202057 | L3: =IF(D3="ZZ",Brick_Kilns_EF!$E$2*(0.75),Brick_Kilns_EF!$E$2) -> 0.0068 | M3: =(I3*L3) -> 60.430308 | N3: =IF(D3="ZZ",Brick_Kilns_EF!$E$3*(0.75),Brick_Kilns_EF!$E$3) -> 0.0046 | O3: =I3*N3 -> 40.879326 | P3: =IF(D3="ZZ",Brick_Kilns_EF!$E$4*(0.75),Brick_Kilns_EF!$E$4) -> 0.0047 | Q3: =I3*P3 -> 41.768007
A4: BKB-3 | B4: 22.941113 | C4: 90.528699 | D4: FCBK | E4: coal | F4: Barisal | G4: Bangladesh | H4: operating | I4: =(Brick_Kilns_EF!$B$13*Brick_Kilns_EF!$B$11*Brick_Kilns_EF!$B$12) -> 8886.81 | J4: =IF(D4="ZZ",Brick_Kilns_EF!$E$5*(0.75),Brick_Kilns_EF!$E$5) -> 0.0097 | K4: =J4*I4 -> 86.202057 | L4: =IF(D4="ZZ",Brick_Kilns_EF!$E$2*(0.75),Brick_Kilns_EF!$E$2) -> 0.0068 | M4: =(I4*L4) -> 60.430308 | N4: =IF(D4="ZZ",Brick_Kilns_EF!$E$3*(0.75),Brick_Kilns_EF!$E$3) -> 0.0046 | O4: =I4*N4 -> 40.879326 | P4: =IF(D4="ZZ",Brick_Kilns_EF!$E$4*(0.75),Brick_Kilns_EF!$E$4) -> 0.0047 | Q4: =I4*P4 -> 41.768007
A5: BKB-4 | B5: 22.944198 | C5: 90.527608 | D5: FCBK | E5: coal | F5: Barisal | G5: Bangladesh | H5: operating | I5: =(Brick_Kilns_EF!$B$13*Brick_Kilns_EF!$B$11*Brick_Kilns_EF!$B$12) -> 8886.81 | J5: =IF(D5="ZZ",Brick_Kilns_EF!$E$5*(0.75),Brick_Kilns_EF!$E$5) -> 0.0097 | K5: =J5*I5 -> 86.202057 | L5: =IF(D5="ZZ",Brick_Kilns_EF!$E$2*(0.75),Brick_Kilns_EF!$E$2) -> 0.0068 | M5: =(I5*L5) -> 60.430308 | N5: =IF(D5="ZZ",Brick_Kilns_EF!$E$3*(0.75),Brick_Kilns_EF!$E$3) -> 0.0046 | O5: =I5*N5 -> 40.879326 | P5: =IF(D5="ZZ",Brick_Kilns_EF!$E$4*(0.75),Brick_Kilns_EF!$E$4) -> 0.0047 | Q5: =I5*P5 -> 41.768007
A6: BKB-5 | B6: 22.94455 | C6: 90.525168 | D6: FCBK | E6: coal | F6: Barisal | G6: Bangladesh | H6: operating | I6: =(Brick_Kilns_EF!$B$13*Brick_Kilns_EF!$B$11*Brick_Kilns_EF!$B$12) -> 8886.81 | J6: =IF(D6="ZZ",Brick_Kilns_EF!$E$5*(0.75),Brick_Kilns_EF!$E$5) -> 0.0097 | K6: =J6*I6 -> 86.202057 | L6: =IF(D6="ZZ",Brick_Kilns_EF!$E$2*(0.75),Brick_Kilns_EF!$E$2) -> 0.0068 | M6: =(I6*L6) -> 60.430308 | N6: =IF(D6="ZZ",Brick_Kilns_EF!$E$3*(0.75),Brick_Kilns_EF!$E$3) -> 0.0046 | O6: =I6*N6 -> 40.879326 | P6: =IF(D6="ZZ",Brick_Kilns_EF!$E$4*(0.75),Brick_Kilns_EF!$E$4) -> 0.0047 | Q6: =I6*P6 -> 41.768007
A7: BKB-6 | B7: 22.589239 | C7: 89.446267 | D7: FCBK | E7: coal | F7: Khulna | G7: Bangladesh | H7: operating | I7: =(Brick_Kilns_EF!$B$13*Brick_Kilns_EF!$B$11*Brick_Kilns_EF!$B$12) -> 8886.81 | J7: =IF(D7="ZZ",Brick_Kilns_EF!$E$5*(0.75),Brick_Kilns_EF!$E$5) -> 0.0097 | K7: =J7*I7 -> 86.202057 | L7: =IF(D7="ZZ",Brick_Kilns_EF!$E$2*(0.75),Brick_Kilns_EF!$E$2) -> 0.0068 | M7: =(I7*L7) -> 60.430308 | N7: =IF(D7="ZZ",Brick_Kilns_EF!$E$3*(0.75),Brick_Kilns_EF!$E$3) -> 0.0046 | O7: =I7*N7 -> 40.879326 | P7: =IF(D7="ZZ",Brick_Kilns_EF!$E$4*(0.75),Brick_Kilns_EF!$E$4) -> 0.0047 | Q7: =I7*P7 -> 41.768007
A8: BKB-7 | B8: 22.321378 | C8: 89.107382 | D8: FCBK | E8: coal | F8: Khulna | G8: Bangladesh | H8: operating | I8: =(Brick_Kilns_EF!$B$13*Brick_Kilns_EF!$B$11*Brick_Kilns_EF!$B$12) -> 8886.81 | J8: =IF(D8="ZZ",Brick_Kilns_EF!$E$5*(0.75),Brick_Kilns_EF!$E$5) -> 0.0097 | K8: =J8*I8 -> 86.202057 | L8: =IF(D8="ZZ",Brick_Kilns_EF!$E$2*(0.75),Brick_Kilns_EF!$E$2) -> 0.0068 | M8: =(I8*L8) -> 60.430308 | N8: =IF(D8="ZZ",Brick_Kilns_EF!$E$3*(0.75),Brick_Kilns_EF!$E$3) -> 0.0046 | O8: =I8*N8 -> 40.879326 | P8: =IF(D8="ZZ",Brick_Kilns_EF!$E$4*(0.75),Brick_Kilns_EF!$E$4) -> 0.0047 | Q8: =I8*P8 -> 41.768007
A9: BKB-8 | B9: 23.812478 | C9: 90.401833 | D9: FCBK | E9: coal | F9: Dhaka | G9: Bangladesh | H9: operating | I9: =(Brick_Kilns_EF!$B$13*Brick_Kilns_EF!$B$11*Brick_Kilns_EF!$B$12) -> 8886.81 | J9: =IF(D9="ZZ",Brick_Kilns_EF!$E$5*(0.75),Brick_Kilns_EF!$E$5) -> 0.0097 | K9: =J9*I9 -> 86.202057 | L9: =IF(D9="ZZ",Brick_Kilns_EF!$E$2*(0.75),Brick_Kilns_EF!$E$2) -> 0.0068 | M9: =(I9*L9) -> 60.430308 | N9: =IF(D9="ZZ",Brick_Kilns_EF!$E$3*(0.75),Brick_Kilns_EF!$E$3) -> 0.0046 | O9: =I9*N9 -> 40.879326 | P9: =IF(D9="ZZ",Brick_Kilns_EF!$E$4*(0.75),Brick_Kilns_EF!$E$4) -> 0.0047 | Q9: =I9*P9 -> 41.768007
A10: BKB-9 | B10: 22.849516 | C10: 89.564229 | D10: FCBK | E10: coal | F10: Khulna | G10: Bangladesh | H10: operating | I10: =(Brick_Kilns_EF!$B$13*Brick_Kilns_EF!$B$11*Brick_Kilns_EF!$B$12) -> 8886.81 | J10: =IF(D10="ZZ",Brick_Kilns_EF!$E$5*(0.75),Brick_Kilns_EF!$E$5) -> 0.0097 | K10: =J10*I10 -> 86.202057 | L10: =IF(D10="ZZ",Brick_Kilns_EF!$E$2*(0.75),Brick_Kilns_EF!$E$2) -> 0.0068 | M10: =(I10*L10) -> 60.430308 | N10: =IF(D10="ZZ",Brick_Kilns_EF!$E$3*(0.75),Brick_Kilns_EF!$E$3) -> 0.0046 | O10: =I10*N10 -> 40.879326 | P10: =IF(D10="ZZ",Brick_Kilns_EF!$E$4*(0.75),Brick_Kilns_EF!$E$4) -> 0.0047 | Q10: =I10*P10 -> 41.768007
A11: BKB-10 | B11: 22.40491 | C11: 89.584722 | D11: FCBK | E11: coal | F11: Khulna | G11: Bangladesh | H11: operating | I11: =(Brick_Kilns_EF!$B$13*Brick_Kilns_EF!$B$11*Brick_Kilns_EF!$B$12) -> 8886.81 | J11: =IF(D11="ZZ",Brick_Kilns_EF!$E$5*(0.75),Brick_Kilns_EF!$E$5) -> 0.0097 | K11: =J11*I11 -> 86.202057 | L11: =IF(D11="ZZ",Brick_Kilns_EF!$E$2*(0.75),Brick_Kilns_EF!$E$2) -> 0.0068 | M11: =(I11*L11) -> 60.430308 | N11: =IF(D11="ZZ",Brick_Kilns_EF!$E$3*(0.75),Brick_Kilns_EF!$E$3) -> 0.0046 | O11: =I11*N11 -> 40.879326 | P11: =IF(D11="ZZ",Brick_Kilns_EF!$E$4*(0.75),Brick_Kilns_EF!$E$4) -> 0.0047 | Q11: =I11*P11 -> 41.768007
A12: BKB-11 | B12: 23.223222 | C12: 90.052877 | D12: FCBK | E12: coal | F12: Dhaka | G12: Bangladesh | H12: operating | I12: =(Brick_Kilns_EF!$B$13*Brick_Kilns_EF!$B$11*Brick_Kilns_EF!$B$12) -> 8886.81 | J12: =IF(D12="ZZ",Brick_Kilns_EF!$E$5*(0.75),Brick_Kilns_EF!$E$5) -> 0.0097 | K12: =J12*I12 -> 86.202057 | L12: =IF(D12="ZZ",Brick_Kilns_EF!$E$2*(0.75),Brick_Kilns_EF!$E$2) -> 0.0068 | M12: =(I12*L12) -> 60.430308 | N12: =IF(D12="ZZ",Brick_Kilns_EF!$E$3*(0.75),Brick_Kilns_EF!$E$3) -> 0.0046 | O12: =I12*N12 -> 40.879326 | P12: =IF(D12="ZZ",Brick_Kilns_EF!$E$4*(0.75),Brick_Kilns_EF!$E$4) -> 0.0047 | Q12: =I12*P12 -> 41.768007
A13: BKB-12 | B13: 22.50862 | C13: 90.376761 | D13: FCBK | E13: coal | F13: Barisal | G13: Bangladesh | H13: operating | I13: =(Brick_Kilns_EF!$B$13*Brick_Kilns_EF!$B$11*Brick_Kilns_EF!$B$12) -> 8886.81 | J13: =IF(D13="ZZ",Brick_Kilns_EF!$E$5*(0.75),Brick_Kilns_EF!$E$5) -> 0.0097 | K13: =J13*I13 -> 86.202057 | L13: =IF(D13="ZZ",Brick_Kilns_EF!$E$2*(0.75),Brick_Kilns_EF!$E$2) -> 0.0068 | M13: =(I13*L13) -> 60.430308 | N13: =IF(D13="ZZ",Brick_Kilns_EF!$E$3*(0.75),Brick_Kilns_EF!$E$3) -> 0.0046 | O13: =I13*N13 -> 40.879326 | P13: =IF(D13="ZZ",Brick_Kilns_EF!$E$4*(0.75),Brick_Kilns_EF!$E$4) -> 0.0047 | Q13: =I13*P13 -> 41.768007
A14: BKB-13 | B14: 22.757714 | C14: 89.09947 | D14: FCBK | E14: coal | F14: Khulna | G14: Bangladesh | H14: operating | I14: =(Brick_Kilns_EF!$B$13*Brick_Kilns_EF!$B$11*Brick_Kilns_EF!$B$12) -> 8886.81 | J14: =IF(D14="ZZ",Brick_Kilns_EF!$E$5*(0.75),Brick_Kilns_EF!$E$5) -> 0.0097 | K14: =J14*I14 -> 86.202057 | L14: =IF(D14="ZZ",Brick_Kilns_EF!$E$2*(0.75),Brick_Kilns_EF!$E$2) -> 0.0068 | M14: =(I14*L14) -> 60.430308 | N14: =IF(D14="ZZ",Brick_Kilns_EF!$E$3*(0.75),Brick_Kilns_EF!$E$3) -> 0.0046 | O14: =I14*N14 -> 40.879326 | P14: =IF(D14="ZZ",Brick_Kilns_EF!$E$4*(0.75),Brick_Kilns_EF!$E$4) -> 0.0047 | Q14: =I14*P14 -> 41.768007
... A4761: BKB-4760 | B4761: 21.906174 | C4761: 90.510164 | D4761: ZZ | E4761: coal | F4761: Barisal | G4761: Bangladesh | H4761: operating | I4761: =(Brick_Kilns_EF!$B$13*Brick_Kilns_EF!$B$11*Brick_Kilns_EF!$B$12) -> 8886.81 | J4761: =IF(D4761="ZZ",Brick_Kilns_EF!$E$5*(0.75),Brick_Kilns_EF!$E$5) -> 0.007275 | K4761: =J4761*I4761 -> 64.651543 | L4761: =IF(D4761="ZZ",Brick_Kilns_EF!$E$2*(0.75),Brick_Kilns_EF!$E$2) -> 0.0051 | M4761: =(I4761*L4761) -> 45.322731 | N4761: =IF(D4761="ZZ",Brick_Kilns_EF!$E$3*(0.75),Brick_Kilns_EF!$E$3) -> 0.00345 | O4761: =I4761*N4761 -> 30.659494 | P4761: =IF(D4761="ZZ",Brick_Kilns_EF!$E$4*(0.75),Brick_Kilns_EF!$E$4) -> 0.003525 | Q4761: =I4761*P4761 -> 31.326005

Sheet Brick_Kilns_EF
A1: Pollutant | B1: fuel | C1: EF | D1: Unit | E1: EF normalised (tonnes of pollutant/tonnes of production) | F1: Notes
A2: PM2.5 | B2: coal | C2: 6.8 | D2: gram/000 grams | E2: =C2/1000 -> 0.0068
A3: SO2 | B3: coal | C3: 4.6 | D3: gram/000 grams | E3: =C3/1000 -> 0.0046
A4: NOx | B4: coal | C4: 4.7 | D4: gram/000 grams | E4: =C4/1000 -> 0.0047
A5: PM10 | B5: coal | C5: 9.7 | D5: gram/000 grams | E5: =C5/1000 -> 0.0097
A6: PM2.5 | B6: biomass | C6: 0.404 | D6: gram/000 grams | E6: =C6/1000 -> 0.000404
A7: SO2 | B7: biomass | C7: 3.19 | D7: gram/000 grams | E7: =C7/1000 -> 0.00319
A8: NOx | B8: biomass | C8: 0.72 | D8: gram/000 grams | E8: =C8/1000 -> 0.00072
A9: PM10 | B9: biomass | C9: 0.404 | D9: gram/000 grams | E9: =(C9/1000)*1.85 -> 0.0007474 | F9: We use a 1.85 factor to multiply with the value of PM2.5 for PM10 | G9: https://link.springer.com/article/10.1007/s10661-009-1285-y
A10: attributes | B10: values | C10: Reference | F10: 65%:35% for PM10: PM2.5 -> As the paper suggest a ratio between the two pollutants
A11: working days(annual) | B11: 215 | C11: Visit the readme file in the github repo
A12: weight/kiln(tonnes) | B12: =3*0.001 -> 0.003 | C12: Visit the readme file in the github repo
A13: seasonal production(bricks/day) | B13: 13778 | C13: Visit the readme file in the github repo
A14: Emission factors | B14: Available in the table above | C14: Rajarathnam, U., Athalye, V., Ragavan, S., Maithel, S., Lalchandani, D., Kumar, S., Ellen, B., Cheryl, W., & Bond, T. (2014). Assessment of air pollutant emissions from brick kilns. Atmospheric Environment, 98, 549-553.
C15: https://www.yumpu.com/en/document/read/8885092/brick-kilns-performance-assessment-a-roadmap-for-unep
B17: This give the 9.7 value for coal that you use so we good | C17: https://cobenefit.org/cop18/pdf/DRI/2012-10-AQAH-Brick-Kilns-in-Dhaka.pdf
B18: Particle size distribution is here on the paper on the right | C18: https://pubs.acs.org/doi/10.1021/es500186g
B19: See Table 2 and Table S8 (to improve operational estimates) by downloading Supplementary information for average emission factors, actually add CO as well,

Sheet Coal Plants
A1: id | B1: name | C1: lat | D1: lon | E1: type | F1: fuel | G1: region | H1: country | I1: status | J1: capacity_power | K1: prod_kw | L1: emfpm10 | M1: pm10_t_yr | N1: emfpm25 | O1: pm25_t_yr | P1: emfso2 | Q1: so2_t_yr | R1: emfnox | S1: Nox_t_yr
A2: CB-1 | B2: Barapukuria power station | C2: 25.553757 | D2: 88.948631 | E2: coal plant | F2: coal | G2: Dinajpur | H2: Bangladesh | I2: operating, operating, operating | J2: 125, 125, 275 | K2: 4599000000 | L2: =0.37*0.001 -> 0.00037 | M2: =(K2*L2)/1000 -> 1701.63 | N2: =0.19*0.001 -> 0.00019 | O2: =(K2*N2)/1000 -> 873.81 | P2: =7.2*0.001 -> 0.0072 | Q2: =(K2*P2)/1000 -> 33112.8 | R2: =4.3*0.001 -> 0.0043 | S2: =(R2*K2)/1000 -> 19775.7
A3: CB-2 | B3: Patuakhali power station (RPCL/NORINCO) | C3: 22.025149 | D3: 90.312349 | E3: coal plant | F3: coal | G3: Patuakhali | H3: Bangladesh | I3: construction, construction | J3: 660, 660 | K3: 11563200000 | L3: =0.37*0.001 -> 0.00037 | M3: =(K3*L3)/1000 -> 4278.384 | N3: =0.19*0.001 -> 0.00019 | O3: =(K3*N3)/1000 -> 2197.008 | P3: =7.2*0.001 -> 0.0072 | Q3: =(K3*P3)/1000 -> 83255.04 | R3: =4.3*0.001 -> 0.0043 | S3: =(R3*K3)/1000 -> 49721.76
A4: CB-3 | B4: Payra power station (BCPCL) | C4: 21.999778 | D4: 90.305586 | E4: coal plant | F4: coal | G4: Patuakhali | H4: Bangladesh | I4: operating, operating, construction, construction | J4: 660, 660, 660, 660 | K4: 23126400000 | L4: =0.37*0.001 -> 0.00037 | M4: =(K4*L4)/1000 -> 8556.768 | N4: =0.19*0.001 -> 0.00019 | O4: =(K4*N4)/1000 -> 4394.016 | P4: =7.2*0.001 -> 0.0072 | Q4: =(K4*P4)/1000 -> 166510.08 | R4: =4.3*0.001 -> 0.0043 | S4: =(R4*K4)/1000 -> 99443.52
A5: CB-4 | B5: Rampal power station | C5: 22.592458 | D5: 89.556427 | E5: coal plant | F5: coal | G5: Khulna | H5: Bangladesh | I5: operating, construction | J5: 660, 660 | K5: 11563200000 | L5: =0.37*0.001 -> 0.00037 | M5: =(K5*L5)/1000 -> 4278.384 | N5: =0.19*0.001 -> 0.00019 | O5: =(K5*N5)/1000 -> 2197.008 | P5: =7.2*0.001 -> 0.0072 | Q5: =(K5*P5)/1000 -> 83255.04 | R5: =4.3*0.001 -> 0.0043 | S5: =(R5*K5)/1000 -> 49721.76
C11: ,

Sheet Coal Plants EF
A1: Pollutant | B1: EF | C1: Unit | D1: EF normalised (tonnes of pollutant/tonnes of production) | E1: Notes
A2: PM2.5 | B2: 0.19 | C2: tonne/000 tonnes | D2: =B2/1000 -> 0.00019 | E2: Averaged from a range = 0.16-0.22
A3: SO2 | B3: 7.2 | C3: tonne/000 tonnes | D3: =B3/1000 -> 0.0072
A4: NOx | B4: 4.3 | C4: tonne/000 tonnes | D4: =B4/1000 -> 0.0043 | E4: Averaged from a range = 4.22 - 4.38
A5: PM10 | B5: 0.13 | C5: tonne/000 tonnes | D5: =B5/1000 -> 0.00013 | E5: Averaged from a range = 0.29-0.45
A10: Source | B10: India Air Quality - Coal Power Plants Emissions - reference for PM2.5 and PM10 | C10: https://www.indiaairquality.info/wp-content/uploads/docs/2014-08-AE-Emissions-Health-Coal-PPs-India.pdf
B11: US EPA - Emissions Inventory Conference - Reference for So2 and Nox

Sheet Steel Plants
A1: id | B1: name | C1: lat | D1: lon | E1: type | F1: fuel | G1: region | H1: country | I1: status | J1: capacity_tonnes | K1: emfpm10 | L1: pm10_t_yr | M1: emfpm25 | N1: pm25_t_yr | O1: emfso2 | P1: so2_t_yr | Q1: emfnox | R1: Nox_t_yr | S1: notes
A2: SPB-1 | B2: Abul Khair Ltd | C2: 22.444118 | D2: 91.740169 | E2: Downstream | G2: Chittagong Division | H2: Bangladesh | I2: Operating | J2: 750000 | K2: 0.00381 | L2: =J2*K2 -> 2857.5 | M2: 0.00251 | N2: =J2*M2 -> 1882.5 | O2: 0.00144 | P2: =J2*O2 -> 1080 | Q2: 0.00047 | R2: =Q2*J2 -> 352.5
A3: SPB-2 | B3: Abul Khair Ltd | C3: 22.472008 | D3: 91.734827 | E3: Mini-Mill | G3: Chittagong Division | H3: Bangladesh | I3: Operating | J3: 1400000 | K3: 0.00381 | L3: =J3*K3 -> 5334 | M3: 0.00251 | N3: =J3*M3 -> 3514 | O3: 0.00144 | P3: =J3*O3 -> 2016 | Q3: 0.00047 | R3: =Q3*J3 -> 658
A4: SPB-3 | B4: BSRM Steels Ltd | C4: 22.38106 | D4: 91.76862 | E4: Downstream | G4: Chittagong Division | H4: Bangladesh | I4: Operating | K4: 0.00381 | L4: =J4*K4 -> 0 | M4: 0.00251 | N4: =J4*M4 -> 0 | O4: 0.00144 | P4: =J4*O4 -> 0 | Q4: 0.00047 | R4: =Q4*J4 -> 0 | S4: check | T4: They are 5 km apart | V4: https://www.google.com/maps/dir/22.444118%0991.740169/22.472008%0991.734827/@22.4575703,91.7287395,4551m/data=!3m1!1e3!4m10!4m9!1m3!2m2!1d91.740169!2d22.444118!1m3!2m2!1d91.734827!2d22.472008!3e0?entry=ttu&g_ep=EgoyMDI1MTAwOC4wIKXMDSoASAFQAw%3D%3D
A5: SPB-4 | B5: BSRM Steels Ltd | C5: 22.383964 | D5: 91.81024 | E5: Downstream | G5: Chittagong Division | H5: Bangladesh | I5: Operating | J5: 450000 | K5: 0.00381 | L5: =J5*K5 -> 1714.5 | M5: 0.00251 | N5: =J5*M5 -> 1129.5 | O5: 0.00144 | P5: =J5*O5 -> 648 | Q5: 0.00047 | R5: =Q5*J5 -> 211.5
A6: SPB-5 | B6: BSRM Steels Ltd | C6: 22.87176 | D6: 91.546568 | E6: Mini-Mill | G6: Chittagong Division | H6: Bangladesh | I6: Operating | J6: 700000 | K6: 0.00381 | L6: =J6*K6 -> 2667 | M6: 0.00251 | N6: =J6*M6 -> 1757 | O6: 0.00144 | P6: =J6*O6 -> 1008 | Q6: 0.00047 | R6: =Q6*J6 -> 329
A7: SPB-6 | B7: KY Steel | C7: 22.499834 | D7: 91.715778 | G7: Chittagong Division | H7: Bangladesh | I7: Operating | K7: 0.00381 | L7: =J7*K7 -> 0 | M7: 0.00251 | N7: =J7*M7 -> 0 | O7: 0.00144 | P7: =J7*O7 -> 0 | Q7: 0.00047 | R7: =Q7*J7 -> 0 | S7: check for double counting | T7: Both These points are really close - but apparently different entities - I think
A8: SPB-7 | B8: Kabir Steel Rolling Mills (KSRM) | C8: 22.501431 | D8: 91.714041 | G8: Chittagong Division | H8: Bangladesh | I8: Operating | J8: 800000 | K8: 0.00381 | L8: =J8*K8 -> 3048 | M8: 0.00251 | N8: =J8*M8 -> 2008 | O8: 0.00144 | P8: =J8*O8 -> 1152 | Q8: 0.00047 | R8: =Q8*J8 -> 376 | S8: check geolocation from climate trace to confirm if its different or the same from what we have reported?
A9: SPB-8 | B9: GPH Steel | C9: 22.536569 | D9: 91.700729 | G9: Chittagong Division | H9: Bangladesh | I9: Operating | J9: 1051000 | K9: 0.00381 | L9: =J9*K9 -> 4004.31 | M9: 0.00251 | N9: =J9*M9 -> 2638.01 | O9: 0.00144 | P9: =J9*O9 -> 1513.44 | Q9: 0.00047 | R9: =Q9*J9 -> 493.97 | S9: check geolocation from climate trace
D16: ,

Sheet Steel EF
A1: Pollutant | B1: EF | C1: Unit | D1: EF normalised (tonnes of pollutant/tonnes of production) | E1: Notes
A2: PM2.5 | B2: 2.51 | C2: tonne/000 tonnes | D2: =B2/1000 -> 0.00251
A3: SO2 | B3: 1.44 | C3: tonne/000 tonnes | D3: =B3/1000 -> 0.00144
A4: NOx | B4: 0.47 | C4: tonne/000 tonnes | D4: =B4/1000 -> 0.00047
A5: PM10* | B5: 3.81 | C5: tonne/000 tonnes | D5: =B5/1000 -> 0.00381 | E5: This is estimated by taking global PM10:PM2.5 ratio from the paper that is 1.5185 and multiplying that with PM2.5 EF
A8: The average emission intensities of developing countries are 2.51 ton of PM2.5, 1.44 ton of SO2, and 0.47 ton of NOx per thousand ton of crude steel produced.
A10: Source | B10: Zhang, J., Shen, H., Chen, Y., Meng, J., Li, J., He, J., Guo, P., Dai, R., Zhang, Y., Xu, R., Wang, J., Zheng, S., Lei, T., Shen, G., Wang, C., Ye, J., Zhu, L., Sun, H. Z., Fu, T.-M., Yang, X., Guan, D. & Tao, S. (2023) ‘Iron and Steel Industry Emissions: A Global Analysis of Trends and Drivers’, Environmental Science & Technology, 57(43). doi: 10.1021/acs.est.3c05474

Sheet Furnace Oil
A1: id | B1: name | C1: lat | D1: lon | E1: type | F1: fuel | G1: state | H1: country | I1: status | J1: capacity_tonnes | K1: unit | L1: gross_energy(GJ) | M1: net_energy(GJ) | N1: emfpm10 | O1: pm10_t_yr) | P1: emfpm25 | Q1: pm25_t_yr | R1: emfso2 | S1: so2_t_yr | T1: emfnox | U1: nox_t_yr | V1: notes
A2: FOB-1 | B2: Bashundhara Oil and Gas Company Refinery | C2: 23.668397 | D2: 90.442809 | E2: Furnace Oil | F2: furnace oil | H2: Bangladesh | I2: operating | J2: 2200000 | L2: =((J2*24)*3.6) -> 190080000 | M2: =L2/0.35 -> 5.4308571e+08 | N2: =25.2*0.001*0.0000036 -> 9.072e-08 | O2: =N2*M2 -> 49.268736 | P2: =19.3*0.001*0.0000036 -> 6.948e-08 | Q2: =M2*P2 -> 37.733595 | R2: =495*0.001*0.0000036 -> 1.782e-06 | S2: =M2*R2 -> 967.77874 | T2: =142*0.001*0.0000036 -> 5.112e-07 | U2: =M2*T2 -> 277.62542 | V2: https://www.spglobal.com/commodity-insights/en/news-research/latest-news/crude-oil/121323-bangladesh-permits-privately-owned-refineries-to-help-ease-supply-situation#:~:text=Bashundhara%20Oil%20and%20Gas%20owns,X%20LinkedIn%20Facebook%20Email%20WhatsApp

Sheet Furnace Oil EF
A1: Pollutant | B1: EF | C1: Unit | D1: EF normalised (tonnes of pollutant/tonnes of production) | E1: Notes
A2: PM2.5 | B2: =19.3*0.0000036 -> 6.948e-05 | C2: tonne/000 tonnes | D2: =B2/1000 -> 6.948e-08
A3: SO2 | B3: =495*0.0000036 -> 0.001782 | C3: tonne/000 tonnes | D3: =B3/1000 -> 1.782e-06
A4: NOx | B4: =142*0.0000036 -> 0.0005112 | C4: tonne/000 tonnes | D4: =B4/1000 -> 5.112e-07
A5: PM10* | B5: =25.2*0.0000036 -> 9.072e-05 | C5: tonne/000 tonnes | D5: =B5/1000 -> 9.072e-08
A10: Source | B10: Jindamanee, K., Thepanondh, S., Keawboonchu, J., Pinthong, N., & Meeyai, A. (2024). Manifesting the hidden pollutants: Quantifying emissions and environmental impact of petroleum refinery on PM2. 5. Atmospheric Environment: X , , 24 , 100300.

Sheet Paper and Pulp
A1: id | B1: name | C1: lat | D1: lon | E1: type | F1: fuel | G1: region | H1: country | I1: status | J1: capacity_tonnes | K1: emfpm10 | L1: pm10_t_yr | M1: emfpm25 | N1: pm25_t_yr | O1: emfso2 | P1: so2_t_yr | Q1: emfnox | R1: nox_t_yr | S1: notes
A2: PPB-1 | B2: Amber Super Paper Ltd | C2: 23.807881 | D2: 90.545482 | E2: Paper | G2: Dhaka | H2: Bangladesh | I2: Operating | J2: 16093.74 | K2: =IF(E2="Paper",'Paper and Pulp EF'!$E$9, 'Paper and Pulp EF'!$E$5) -> 0.000189 | L2: =K2*J2 -> 3.0417169 | M2: =IF(E2="Paper",'Paper and Pulp EF'!$E$6, 'Paper and Pulp EF'!$E$2) -> 0.00012285 | N2: =M2*J2 -> 1.977116 | O2: =IF(E2="Paper",'Paper and Pulp EF'!$E$7, 'Paper and Pulp EF'!$E$3) -> 0.00043 | P2: =O2*J2 -> 6.9203082 | Q2: =IF(E2="Paper",'Paper and Pulp EF'!$E$8, 'Paper and Pulp EF'!$E$4) -> 0.00053 | R2: =Q2*J2 -> 8.5296822
A3: PPB-2 | B3: Asia Paper and Board Mills Ltd | C3: 23.579034 | D3: 90.512131 | E3: Paper | G3: Dhaka | H3: Bangladesh | I3: Operating | J3: 16093.74 | K3: =IF(E3="Paper",'Paper and Pulp EF'!$E$9, 'Paper and Pulp EF'!$E$5) -> 0.000189 | L3: =K3*J3 -> 3.0417169 | M3: =IF(E3="Paper",'Paper and Pulp EF'!$E$6, 'Paper and Pulp EF'!$E$2) -> 0.00012285 | N3: =M3*J3 -> 1.977116 | O3: =IF(E3="Paper",'Paper and Pulp EF'!$E$7, 'Paper and Pulp EF'!$E$3) -> 0.00043 | P3: =O3*J3 -> 6.9203082 | Q3: =IF(E3="Paper",'Paper and Pulp EF'!$E$8, 'Paper and Pulp EF'!$E$4) -> 0.00053 | R3: =Q3*J3 -> 8.5296822
A4: PPB-3 | B4: Bangladesh Paper Mills Ltd | C4: 23.70363 | D4: 90.513732 | E4: Paper | G4: Dhaka | H4: Bangladesh | I4: Operating | J4: 16093.74 | K4: =IF(E4="Paper",'Paper and Pulp EF'!$E$9, 'Paper and Pulp EF'!$E$5) -> 0.000189 | L4: =K4*J4 -> 3.0417169 | M4: =IF(E4="Paper",'Paper and Pulp EF'!$E$6, 'Paper and Pulp EF'!$E$2) -> 0.00012285 | N4: =M4*J4 -> 1.977116 | O4: =IF(E4="Paper",'Paper and Pulp EF'!$E$7, 'Paper and Pulp EF'!$E$3) -> 0.00043 | P4: =O4*J4 -> 6.9203082 | Q4: =IF(E4="Paper",'Paper and Pulp EF'!$E$8, 'Paper and Pulp EF'!$E$4) -> 0.00053 | R4: =Q4*J4 -> 8.5296822
A5: PPB-4 | B5: BCIC Bangladesh Chemical Industries Corp. | C5: 23.726751 | D5: 90.419176 | E5: Paper | G5: Dhaka | H5: Bangladesh | I5: Operating | J5: 33069.33 | K5: =IF(E5="Paper",'Paper and Pulp EF'!$E$9, 'Paper and Pulp EF'!$E$5) -> 0.000189 | L5: =K5*J5 -> 6.2501034 | M5: =IF(E5="Paper",'Paper and Pulp EF'!$E$6, 'Paper and Pulp EF'!$E$2) -> 0.00012285 | N5: =M5*J5 -> 4.0625672 | O5: =IF(E5="Paper",'Paper and Pulp EF'!$E$7, 'Paper and Pulp EF'!$E$3) -> 0.00043 | P5: =O5*J5 -> 14.219812 | Q5: =IF(E5="Paper",'Paper and Pulp EF'!$E$8, 'Paper and Pulp EF'!$E$4) -> 0.00053 | R5: =Q5*J5 -> 17.526745
A6: PPB-5 | B6: BPML Bashundhara Paper Mill Limited- Unit 1 | C6: 23.618454 | D6: 90.610732 | E6: pulp and paper | G6: Dhaka | H6: Bangladesh | I6: Operating | J6: 193455.63 | K6: =IF(E6="Paper",'Paper and Pulp EF'!$E$9, 'Paper and Pulp EF'!$E$5) -> 0.0013 | L6: =K6*J6 -> 251.49232 | M6: =IF(E6="Paper",'Paper and Pulp EF'!$E$6, 'Paper and Pulp EF'!$E$2) -> 0.000975 | N6: =M6*J6 -> 188.61924 | O6: =IF(E6="Paper",'Paper and Pulp EF'!$E$7, 'Paper and Pulp EF'!$E$3) -> 0.005 | P6: =O6*J6 -> 967.27815 | Q6: =IF(E6="Paper",'Paper and Pulp EF'!$E$8, 'Paper and Pulp EF'!$E$4) -> 0.0025 | R6: =Q6*J6 -> 483.63908
A7: PPB-6 | B7: BPML Bashundhara Paper Mill Limited- Unit 2 | C7: 23.614185 | D7: 90.61936 | E7: pulp and paper | G7: Dhaka | H7: Bangladesh | I7: Operating | J7: 193455.63 | K7: =IF(E7="Paper",'Paper and Pulp EF'!$E$9, 'Paper and Pulp EF'!$E$5) -> 0.0013 | L7: =K7*J7 -> 251.49232 | M7: =IF(E7="Paper",'Paper and Pulp EF'!$E$6, 'Paper and Pulp EF'!$E$2) -> 0.000975 | N7: =M7*J7 -> 188.61924 | O7: =IF(E7="Paper",'Paper and Pulp EF'!$E$7, 'Paper and Pulp EF'!$E$3) -> 0.005 | P7: =O7*J7 -> 967.27815 | Q7: =IF(E7="Paper",'Paper and Pulp EF'!$E$8, 'Paper and Pulp EF'!$E$4) -> 0.0025 | R7: =Q7*J7 -> 483.63908
A8: PPB-7 | B8: BPML Bashundhara Paper Mill Limited- Unit 3 | C8: 23.575842 | D8: 90.644223 | E8: pulp and paper | G8: Dhaka | H8: Bangladesh | I8: Operating | J8: 193455.63 | K8: =IF(E8="Paper",'Paper and Pulp EF'!$E$9, 'Paper and Pulp EF'!$E$5) -> 0.0013 | L8: =K8*J8 -> 251.49232 | M8: =IF(E8="Paper",'Paper and Pulp EF'!$E$6, 'Paper and Pulp EF'!$E$2) -> 0.000975 | N8: =M8*J8 -> 188.61924 | O8: =IF(E8="Paper",'Paper and Pulp EF'!$E$7, 'Paper and Pulp EF'!$E$3) -> 0.005 | P8: =O8*J8 -> 967.27815 | Q8: =IF(E8="Paper",'Paper and Pulp EF'!$E$8, 'Paper and Pulp EF'!$E$4) -> 0.0025 | R8: =Q8*J8 -> 483.63908
A9: PPB-8 | B9: Hashem Paper Mills Ltd, Zeysha Group | C9: 23.803631 | D9: 90.536589 | E9: Paper | G9: Dhaka | H9: Bangladesh | I9: Operating | J9: - | K9: =IF(E9="Paper",'Paper and Pulp EF'!$E$9, 'Paper and Pulp EF'!$E$5) -> 0.000189 | L9: =K9*J9 -> #VALUE! | M9: =IF(E9="Paper",'Paper and Pulp EF'!$E$6, 'Paper and Pulp EF'!$E$2) -> 0.00012285 | N9: =M9*J9 -> #VALUE! | O9: =IF(E9="Paper",'Paper and Pulp EF'!$E$7, 'Paper and Pulp EF'!$E$3) -> 0.00043 | P9: =O9*J9 -> #VALUE! | Q9: =IF(E9="Paper",'Paper and Pulp EF'!$E$8, 'Paper and Pulp EF'!$E$4) -> 0.00053 | R9: =Q9*J9 -> #VALUE!
A10: PPB-9 | B10: Hussain Pulp, Paper and Board Mills Ltd | C10: 23.632741 | D10: 90.469393 | E10: Paper and packaging | G10: Dhaka | H10: Bangladesh | I10: Operating | J10: - | K10: =IF(E10="Paper",'Paper and Pulp EF'!$E$9, 'Paper and Pulp EF'!$E$5) -> 0.0013 | L10: =K10*J10 -> #VALUE! | M10: =IF(E10="Paper",'Paper and Pulp EF'!$E$6, 'Paper and Pulp EF'!$E$2) -> 0.000975 | N10: =M10*J10 -> #VALUE! | O10: =IF(E10="Paper",'Paper and Pulp EF'!$E$7, 'Paper and Pulp EF'!$E$3) -> 0.005 | P10: =O10*J10 -> #VALUE! | Q10: =IF(E10="Paper",'Paper and Pulp EF'!$E$8, 'Paper and Pulp EF'!$E$4) -> 0.0025 | R10: =Q10*J10 -> #VALUE!
A11: PPB-10 | B11: Khulna Newsprint Mills Ltd | C11: 22.855296 | D11: 89.550998 | E11: Paper | G11: Khalispur | H11: Bangladesh | I11: Operating | J11: 55115.56 | K11: =IF(E11="Paper",'Paper and Pulp EF'!$E$9, 'Paper and Pulp EF'!$E$5) -> 0.000189 | L11: =K11*J11 -> 10.416841 | M11: =IF(E11="Paper",'Paper and Pulp EF'!$E$6, 'Paper and Pulp EF'!$E$2) -> 0.00012285 | N11: =M11*J11 -> 6.7709465 | O11: =IF(E11="Paper",'Paper and Pulp EF'!$E$7, 'Paper and Pulp EF'!$E$3) -> 0.00043 | P11: =O11*J11 -> 23.699691 | Q11: =IF(E11="Paper",'Paper and Pulp EF'!$E$8, 'Paper and Pulp EF'!$E$4) -> 0.00053 | R11: =Q11*J11 -> 29.211247
A12: PPB-11 | B12: Lipy Paper Mills Ltd, Lipy Group | C12: 23.70634 | D12: 90.557929 | E12: Paper | G12: Dhaka | H12: Bangladesh | I12: Operating | J12: - | K12: =IF(E12="Paper",'Paper and Pulp EF'!$E$9, 'Paper and Pulp EF'!$E$5) -> 0.000189 | L12: =K12*J12 -> #VALUE! | M12: =IF(E12="Paper",'Paper and Pulp EF'!$E$6, 'Paper and Pulp EF'!$E$2) -> 0.00012285 | N12: =M12*J12 -> #VALUE! | O12: =IF(E12="Paper",'Paper and Pulp EF'!$E$7, 'Paper and Pulp EF'!$E$3) -> 0.00043 | P12: =O12*J12 -> #VALUE! | Q12: =IF(E12="Paper",'Paper and Pulp EF'!$E$8, 'Paper and Pulp EF'!$E$4) -> 0.00053 | R12: =Q12*J12 -> #VALUE!
A13: PPB-12 | B13: Magura Paper Mills Ltd, BDG-Magura Group | C13: 23.61567 | D13: 90.61193 | E13: Paper | G13: Dhaka | H13: Bangladesh | I13: Operating | J13: 16534.66 | K13: =IF(E13="Paper",'Paper and Pulp EF'!$E$9, 'Paper and Pulp EF'!$E$5) -> 0.000189 | L13: =K13*J13 -> 3.1250507 | M13: =IF(E13="Paper",'Paper and Pulp EF'!$E$6, 'Paper and Pulp EF'!$E$2) -> 0.00012285 | N13: =M13*J13 -> 2.031283 | O13: =IF(E13="Paper",'Paper and Pulp EF'!$E$7, 'Paper and Pulp EF'!$E$3) -> 0.00043 | P13: =O13*J13 -> 7.1099038 | Q13: =IF(E13="Paper",'Paper and Pulp EF'!$E$8, 'Paper and Pulp EF'!$E$4) -> 0.00053 | R13: =Q13*J13 -> 8.7633698
A14: PPB-13 | B14: NBPM North Bengal Paper Mills Ltd | C14: 24.076126 | D14: 89.048651 | E14: Paper | G14: Paksey | H14: Bangladesh | I14: Operating | J14: 16534.66 | K14: =IF(E14="Paper",'Paper and Pulp EF'!$E$9, 'Paper and Pulp EF'!$E$5) -> 0.000189 | L14: =K14*J14 -> 3.1250507 | M14: =IF(E14="Paper",'Paper and Pulp EF'!$E$6, 'Paper and Pulp EF'!$E$2) -> 0.00012285 | N14: =M14*J14 -> 2.031283 | O14: =IF(E14="Paper",'Paper and Pulp EF'!$E$7, 'Paper and Pulp EF'!$E$3) -> 0.00043 | P14: =O14*J14 -> 7.1099038 | Q14: =IF(E14="Paper",'Paper and Pulp EF'!$E$8, 'Paper and Pulp EF'!$E$4) -> 0.00053 | R14: =Q14*J14 -> 8.7633698
A15: PPB-14 | B15: Pearl Paper & Board Mills Ltd, Magura Group | C15: 23.918441 | D15: 90.129385 | E15: Paper | G15: Dhaka | H15: Bangladesh | I15: Operating | J15: 44092.45 | K15: =IF(E15="Paper",'Paper and Pulp EF'!$E$9, 'Paper and Pulp EF'!$E$5) -> 0.000189 | L15: =K15*J15 -> 8.3334731 | M15: =IF(E15="Paper",'Paper and Pulp EF'!$E$6, 'Paper and Pulp EF'!$E$2) -> 0.00012285 | N15: =M15*J15 -> 5.4167575 | O15: =IF(E15="Paper",'Paper and Pulp EF'!$E$7, 'Paper and Pulp EF'!$E$3) -> 0.00043 | P15: =O15*J15 -> 18.959753 | Q15: =IF(E15="Paper",'Paper and Pulp EF'!$E$8, 'Paper and Pulp EF'!$E$4) -> 0.00053 | R15: =Q15*J15 -> 23.368998
A16: PPB-15 | B16: Pioneer Paper & Board Mills Ltd | C16: 23.57651 | D16: 90.644005 | E16: Paper | G16: Dhaka | H16: Bangladesh | I16: Operating | J16: 8851.55 | K16: =IF(E16="Paper",'Paper and Pulp EF'!$E$9, 'Paper and Pulp EF'!$E$5) -> 0.000189 | L16: =K16*J16 -> 1.6729429 | M16: =IF(E16="Paper",'Paper and Pulp EF'!$E$6, 'Paper and Pulp EF'!$E$2) -> 0.00012285 | N16: =M16*J16 -> 1.0874129 | O16: =IF(E16="Paper",'Paper and Pulp EF'!$E$7, 'Paper and Pulp EF'!$E$3) -> 0.00043 | P16: =O16*J16 -> 3.8061665 | Q16: =IF(E16="Paper",'Paper and Pulp EF'!$E$8, 'Paper and Pulp EF'!$E$4) -> 0.00053 | R16: =Q16*J16 -> 4.6913215
A17: PPB-16 | B17: Sadeque Paper & Board Mills Ltd | C17: 24.023003 | D17: 90.272282 | E17: Paper | G17: Dhaka | H17: Bangladesh | I17: Operating | J17: 8046.87 | K17: =IF(E17="Paper",'Paper and Pulp EF'!$E$9, 'Paper and Pulp EF'!$E$5) -> 0.000189 | L17: =K17*J17 -> 1.5208584 | M17: =IF(E17="Paper",'Paper and Pulp EF'!$E$6, 'Paper and Pulp EF'!$E$2) -> 0.00012285 | N17: =M17*J17 -> 0.98855798 | O17: =IF(E17="Paper",'Paper and Pulp EF'!$E$7, 'Paper and Pulp EF'!$E$3) -> 0.00043 | P17: =O17*J17 -> 3.4601541 | Q17: =IF(E17="Paper",'Paper and Pulp EF'!$E$8, 'Paper and Pulp EF'!$E$4) -> 0.00053 | R17: =Q17*J17 -> 4.2648411
A18: PPB-17 | B18: Sonali Paper and Board Mills Ltd | C18: 23.716863 | D18: 90.506284 | E18: Paper and packaging | G18: Dhaka | H18: Bangladesh | I18: Operating | J18: 18105.46 | K18: =IF(E18="Paper",'Paper and Pulp EF'!$E$9, 'Paper and Pulp EF'!$E$5) -> 0.0013 | L18: =K18*J18 -> 23.537098 | M18: =IF(E18="Paper",'Paper and Pulp EF'!$E$6, 'Paper and Pulp EF'!$E$2) -> 0.000975 | N18: =M18*J18 -> 17.652823 | O18: =IF(E18="Paper",'Paper and Pulp EF'!$E$7, 'Paper and Pulp EF'!$E$3) -> 0.005 | P18: =O18*J18 -> 90.5273 | Q18: =IF(E18="Paper",'Paper and Pulp EF'!$E$8, 'Paper and Pulp EF'!$E$4) -> 0.0025 | R18: =Q18*J18 -> 45.26365
A19: PPB-18 | B19: Web Coats Ltd | C19: 23.669988 | D19: 90.29508 | E19: Paper | G19: Dhaka | H19: Bangladesh | I19: Operating | J19: - | K19: =IF(E19="Paper",'Paper and Pulp EF'!$E$9, 'Paper and Pulp EF'!$E$5) -> 0.000189 | L19: =K19*J19 -> #VALUE! | M19: =IF(E19="Paper",'Paper and Pulp EF'!$E$6, 'Paper and Pulp EF'!$E$2) -> 0.00012285 | N19: =M19*J19 -> #VALUE! | O19: =IF(E19="Paper",'Paper and Pulp EF'!$E$7, 'Paper and Pulp EF'!$E$3) -> 0.00043 | P19: =O19*J19 -> #VALUE! | Q19: =IF(E19="Paper",'Paper and Pulp EF'!$E$8, 'Paper and Pulp EF'!$E$4) -> 0.00053 | R19: =Q19*J19 -> #VALUE!

Sheet Paper and Pulp EF
A1: Pollutant | B1: type | C1: EF | D1: Unit | E1: EF normalised (tonnes of pollutant/tonnes of production) | F1: Notes
A2: PM2.5 | B2: paper and pulp | C2: 0.975 | D2: tonne/000 tonnes | E2: =C2/1000 -> 0.000975
A3: SO2 | B3: paper and pulp | C3: 5 | D3: tonne/000 tonnes | E3: =C3/1000 -> 0.005
A4: NOx | B4: paper and pulp | C4: 2.5 | D4: tonne/000 tonnes | E4: =C4/1000 -> 0.0025
A5: PM10* | B5: paper and pulp | C5: 1.3 | D5: tonne/000 tonnes | E5: =C5/1000 -> 0.0013
A6: PM2.5 | B6: paper | C6: =0.65*C9 -> 0.12285 | D6: tonne/000 tonnes | E6: =C6/1000 -> 0.00012285
A7: SO2 | B7: paper | C7: 0.43 | D7: tonne/000 tonnes | E7: =C7/1000 -> 0.00043
A8: NOx | B8: paper | C8: 0.53 | D8: tonne/000 tonnes | E8: =C8/1000 -> 0.00053
A9: PM10* | B9: paper | C9: =0.6*0.315 -> 0.189 | D9: tonne/000 tonnes | E9: =C9/1000 -> 0.000189
F10: I asked GPT to do this - Can you check if it is correct? Following common empirical relationships PM₁₀ was estimated as 0.6 × PM and PM₂.₅ as 0.65 × PM₁₀.
A14: Source | C14: https://www.eea.europa.eu/en/analysis/publications/emep-eea-guidebook-2023/part-b-sectoral-guidance-chapters/2-industrial-processes-and-product-use/2-h-other-industry-production/2-h-1-pulp-and/@@download/file | E14: This paper is used to extract Efs for paper and pulp type of plants
C15: Bordado, J. C., & Gomes, J. F. (1997). Pollutant atmospheric emissions from Portuguese Kraft pulp mills. Science of the total environment, 208(1-2), 139-143. | E15: Whereas, this paper helps find the EFs only for paper production. In this paper they only mention PM = 0.315, therefore we use some factoring to estimate PM2.5 and PM10

Sheet Cement Plants
A1: id | B1: name | C1: lat | D1: lon | E1: type | F1: fuel | G1: region | H1: country | I1: status | J1: capacity_tonnes | K1: emfpm10 | L1: pm10_t_yr | M1: emfpm25 | N1: pm25_t_yr | O1: emfso2 | P1: so2_t_yr | Q1: emfnox | R1: nox_t_yr | S1: notes
A2: CMB-1 | B2: Heidelberg Cement Bangladesh Ltd - Kanchpur Plant | C2: 23.712851 | D2: 90.516048 | E2: grinding | G2: Dhaka Division | H2: Bangladesh | I2: operating | J2: 1500000 | K2: ='Cement EF'!$G$5 -> 0.0002223 | L2: =J2*K2 -> 333.45 | M2: ='Cement EF'!$G$2 -> 0.0001235 | N2: =J2*M2 -> 185.25 | O2: ='Cement EF'!$G$3 -> 0.0007695 | P2: =O2*J2 -> 1154.25 | Q2: ='Cement EF'!$G$4 -> 0.000494 | R2: =Q2*J2 -> 741
A3: CMB-2 | B3: LafargeHolcim Bangladesh Ltd | C3: 23.611005 | D3: 90.613007 | E3: grinding | G3: Dhaka Division | H3: Bangladesh | I3: operating | J3: 2707000 | K3: ='Cement EF'!$G$5 -> 0.0002223 | L3: =J3*K3 -> 601.7661 | M3: ='Cement EF'!$G$2 -> 0.0001235 | N3: =J3*M3 -> 334.3145 | O3: ='Cement EF'!$G$3 -> 0.0007695 | P3: =O3*J3 -> 2083.0365 | Q3: ='Cement EF'!$G$4 -> 0.000494 | R3: =Q3*J3 -> 1337.258
A4: CMB-3 | B4: LafargeHolcim Bangladesh Ltd | C4: 22.504972 | D4: 89.589503 | E4: grinding | G4: Khulna Division | H4: Bangladesh | I4: operating | J4: 200000 | K4: ='Cement EF'!$G$5 -> 0.0002223 | L4: =J4*K4 -> 44.46 | M4: ='Cement EF'!$G$2 -> 0.0001235 | N4: =J4*M4 -> 24.7 | O4: ='Cement EF'!$G$3 -> 0.0007695 | P4: =O4*J4 -> 153.9 | Q4: ='Cement EF'!$G$4 -> 0.000494 | R4: =Q4*J4 -> 98.8
A5: CMB-4 | B5: Shun Shing Cement Mills Ltd | C5: 22.317574 | D5: 91.867925 | E5: grinding | G5: Khulna Division | H5: Bangladesh | I5: operating | J5: 1500000 | K5: ='Cement EF'!$G$5 -> 0.0002223 | L5: =J5*K5 -> 333.45 | M5: ='Cement EF'!$G$2 -> 0.0001235 | N5: =J5*M5 -> 185.25 | O5: ='Cement EF'!$G$3 -> 0.0007695 | P5: =O5*J5 -> 1154.25 | Q5: ='Cement EF'!$G$4 -> 0.000494 | R5: =Q5*J5 -> 741
A6: CMB-5 | B6: Mongla Cement Factory | C6: 22.517902 | D6: 89.58562 | E6: grinding | G6: Khulna Division | H6: Bangladesh | I6: operating | J6: 1700000 | K6: ='Cement EF'!$G$5 -> 0.0002223 | L6: =J6*K6 -> 377.91 | M6: ='Cement EF'!$G$2 -> 0.0001235 | N6: =J6*M6 -> 209.95 | O6: ='Cement EF'!$G$3 -> 0.0007695 | P6: =O6*J6 -> 1308.15 | Q6: ='Cement EF'!$G$4 -> 0.000494 | R6: =Q6*J6 -> 839.8
A7: CMB-6 | B7: Crown Cement Factory Ltd. | C7: 23.576689 | D7: 90.508382 | E7: grinding | G7: Dhaka Division | H7: Bangladesh | I7: operating | J7: 4620000 | K7: ='Cement EF'!$G$5 -> 0.0002223 | L7: =J7*K7 -> 1027.026 | M7: ='Cement EF'!$G$2 -> 0.0001235 | N7: =J7*M7 -> 570.57 | O7: ='Cement EF'!$G$3 -> 0.0007695 | P7: =O7*J7 -> 3555.09 | Q7: ='Cement EF'!$G$4 -> 0.000494 | R7: =Q7*J7 -> 2282.28
A8: CMB-7 | B8: Elephant Brand Cement | C8: 22.517834 | D8: 89.585596 | E8: grinding | G8: Khulna Division | H8: Bangladesh | I8: operating | K8: ='Cement EF'!$G$5 -> 0.0002223 | L8: =J8*K8 -> 0 | M8: ='Cement EF'!$G$2 -> 0.0001235 | N8: =J8*M8 -> 0 | O8: ='Cement EF'!$G$3 -> 0.0007695 | P8: =O8*J8 -> 0 | Q8: ='Cement EF'!$G$4 -> 0.000494 | R8: =Q8*J8 -> 0
A9: CMB-8 | B9: Scan Cement Factory | C9: 23.568501 | D9: 90.520327 | E9: grinding | G9: Dhaka Division | H9: Bangladesh | I9: operating | J9: 700000 | K9: ='Cement EF'!$G$5 -> 0.0002223 | L9: =J9*K9 -> 155.61 | M9: ='Cement EF'!$G$2 -> 0.0001235 | N9: =J9*M9 -> 86.45 | O9: ='Cement EF'!$G$3 -> 0.0007695 | P9: =O9*J9 -> 538.65 | Q9: ='Cement EF'!$G$4 -> 0.000494 | R9: =Q9*J9 -> 345.8
A10: CMB-9 | B10: Five Rings Cement Industries | C10: 22.503884 | D10: 89.590302 | E10: grinding | G10: Khulna Division | H10: Bangladesh | I10: operating | K10: ='Cement EF'!$G$5 -> 0.0002223 | L10: =J10*K10 -> 0 | M10: ='Cement EF'!$G$2 -> 0.0001235 | N10: =J10*M10 -> 0 | O10: ='Cement EF'!$G$3 -> 0.0007695 | P10: =O10*J10 -> 0 | Q10: ='Cement EF'!$G$4 -> 0.000494 | R10: =Q10*J10 -> 0
A11: CMB-10 | B11: Anchor Cement Company | C11: 22.652466 | D11: 90.345293 | E11: grinding | G11: Barisal Division | H11: Bangladesh | I11: operating | J11: 1460000 | K11: ='Cement EF'!$G$5 -> 0.0002223 | L11: =J11*K11 -> 324.558 | M11: ='Cement EF'!$G$2 -> 0.0001235 | N11: =J11*M11 -> 180.31 | O11: ='Cement EF'!$G$3 -> 0.0007695 | P11: =O11*J11 -> 1123.47 | Q11: ='Cement EF'!$G$4 -> 0.000494 | R11: =Q11*J11 -> 721.24
A12: CMB-11 | B12: Shah Cement | C12: 23.568618 | D12: 90.524404 | E12: grinding | G12: Dhaka Division | H12: Bangladesh | I12: operating | J12: 1860000 | K12: ='Cement EF'!$G$5 -> 0.0002223 | L12: =J12*K12 -> 413.478 | M12: ='Cement EF'!$G$2 -> 0.0001235 | N12: =J12*M12 -> 229.71 | O12: ='Cement EF'!$G$3 -> 0.0007695 | P12: =O12*J12 -> 1431.27 | Q12: ='Cement EF'!$G$4 -> 0.000494 | R12: =Q12*J12 -> 918.84
A13: CMB-12 | B13: Premier cement mills 3/4 point | C13: 23.578555 | D13: 90.513202 | E13: grinding | G13: Dhaka Division | H13: Bangladesh | I13: operating | J13: 2400000 | K13: ='Cement EF'!$G$5 -> 0.0002223 | L13: =J13*K13 -> 533.52 | M13: ='Cement EF'!$G$2 -> 0.0001235 | N13: =J13*M13 -> 296.4 | O13: ='Cement EF'!$G$3 -> 0.0007695 | P13: =O13*J13 -> 1846.8 | Q13: ='Cement EF'!$G$4 -> 0.000494 | R13: =Q13*J13 -> 1185.6
A14: CMB-13 | B14: Anwar Cement Ltd.Plant | C14: 23.602161 | D14: 90.624685 | E14: grinding | G14: Dhaka Division | H14: Bangladesh | I14: operating | J14: 700000 | K14: ='Cement EF'!$G$5 -> 0.0002223 | L14: =J14*K14 -> 155.61 | M14: ='Cement EF'!$G$2 -> 0.0001235 | N14: =J14*M14 -> 86.45 | O14: ='Cement EF'!$G$3 -> 0.0007695 | P14: =O14*J14 -> 538.65 | Q14: ='Cement EF'!$G$4 -> 0.000494 | R14: =Q14*J14 -> 345.8
A15: CMB-14 | B15: Unique Cement Mills | C15: 23.609232 | D15: 90.61001 | E15: grinding | G15: Dhaka Division | H15: Bangladesh | I15: operating | K15: ='Cement EF'!$G$5 -> 0.0002223 | L15: =J15*K15 -> 0 | M15: ='Cement EF'!$G$2 -> 0.0001235 | N15: =J15*M15 -> 0 | O15: ='Cement EF'!$G$3 -> 0.0007695 | P15: =O15*J15 -> 0 | Q15: ='Cement EF'!$G$4 -> 0.000494 | R15: =Q15*J15 -> 0
A16: CMB-15 | B16: N/A | C16: 24.127959 | D16: 89.586911 | E16: grinding | G16: Rajshahi Division | H16: Bangladesh | I16: operating | K16: ='Cement EF'!$G$5 -> 0.0002223 | L16: =J16*K16 -> 0 | M16: ='Cement EF'!$G$2 -> 0.0001235 | N16: =J16*M16 -> 0 | O16: ='Cement EF'!$G$3 -> 0.0007695 | P16: =O16*J16 -> 0 | Q16: ='Cement EF'!$G$4 -> 0.000494 | R16: =Q16*J16 -> 0
A17: CMB-16 | B17: Aman Cement Mills Ltd. | C17: 24.290893 | D17: 89.566546 | E17: grinding | G17: Rajshahi Division | H17: Bangladesh | I17: operating | J17: 750000 | K17: ='Cement EF'!$G$5 -> 0.0002223 | L17: =J17*K17 -> 166.725 | M17: ='Cement EF'!$G$2 -> 0.0001235 | N17: =J17*M17 -> 92.625 | O17: ='Cement EF'!$G$3 -> 0.0007695 | P17: =O17*J17 -> 577.125 | Q17: ='Cement EF'!$G$4 -> 0.000494 | R17: =Q17*J17 -> 370.5
A18: CMB-17 | B18: Shun Shing Cement Mills Ltd (Plant 2) | C18: 22.317574 | D18: 91.867925 | E18: grinding | G18: Chittagong | H18: Bangladesh | I18: operating | J18: 3450000 | K18: ='Cement EF'!$G$5 -> 0.0002223 | L18: =J18*K18 -> 766.935 | M18: ='Cement EF'!$G$2 -> 0.0001235 | N18: =J18*M18 -> 426.075 | O18: ='Cement EF'!$G$3 -> 0.0007695 | P18: =O18*J18 -> 2654.775 | Q18: ='Cement EF'!$G$4 -> 0.000494 | R18: =Q18*J18 -> 1704.3
A19: CMB-18 | B19: Shun Shing Cement Mills Ltd (Plant 3) | C19: 23.934081 | D19: 90.613085 | E19: grinding | G19: Dhaka Division | H19: Bangladesh | I19: operating | J19: 3450000 | K19: ='Cement EF'!$G$5 -> 0.0002223 | L19: =J19*K19 -> 766.935 | M19: ='Cement EF'!$G$2 -> 0.0001235 | N19: =J19*M19 -> 426.075 | O19: ='Cement EF'!$G$3 -> 0.0007695 | P19: =O19*J19 -> 2654.775 | Q19: ='Cement EF'!$G$4 -> 0.000494 | R19: =Q19*J19 -> 1704.3
A20: CMB-19 | B20: Heidelberg Materials Bangladesh PLC. - Chattogram Plant | C20: 22.278973 | D20: 91.785257 | E20: grinding | G20: Chittagong | H20: Bangladesh | I20: operating | J20: 1300000 | K20: ='Cement EF'!$G$5 -> 0.0002223 | L20: =J20*K20 -> 288.99 | M20: ='Cement EF'!$G$2 -> 0.0001235 | N20: =J20*M20 -> 160.55 | O20: ='Cement EF'!$G$3 -> 0.0007695 | P20: =O20*J20 -> 1000.35 | Q20: ='Cement EF'!$G$4 -> 0.000494 | R20: =Q20*J20 -> 642.2
A21: CMB-20 | B21: Heidelberg Cement Bangladesh Ltd - Munshiganj Plant | C21: 23.568661 | D21: 90.520632 | E21: grinding | G21: Dhaka Division | H21: Bangladesh | I21: operating | J21: 600000 | K21: ='Cement EF'!$G$5 -> 0.0002223 | L21: =J21*K21 -> 133.38 | M21: ='Cement EF'!$G$2 -> 0.0001235 | N21: =J21*M21 -> 74.1 | O21: ='Cement EF'!$G$3 -> 0.0007695 | P21: =O21*J21 -> 461.7 | Q21: ='Cement EF'!$G$4 -> 0.000494 | R21: =Q21*J21 -> 296.4
A23: CMB-2 | B23: https://research.eblsecurities.com/Content/EBSLAdmin/images/ResearchReport/4/bb268544-f3c8-4c7e-85aa-fefc57a4bae815062023054549.pdf | C23: grey cement 2.707 million tonnes,clinker 1.311 million tonnes, aggregate 0.757 million tonnes
A25: CMB-4 | B25: https://ssgil.com/manufacturing/ | C25: 8.4 million tonnes from three plants
C26: 8.4 million tonnes from three plants (22.317574, 91.867925), A5, (23.934081, 90.613085) Only 1 in our sheet. First and third not covered, added their coords
B28: Shun Shing Plant 2+ 3 (average each) | C28: =(8.4-1.5)/2 -> 3.45

Sheet Cement EF
A1: Pollutant | B1: EF_clinker | C1: Unit | D1: Type | E1: Clinker factor* | F1: EF_cement (g/tonnes of cement) | G1: EF_cement (tonnes of pollutant/tonnes of cement) | H1: Notes
A2: PM2.5 | B2: 130 | C2: g/tonnes | D2: Grinding | E2: 0.95 | F2: =E2*B2 -> 123.5 | G2: =F2/1000000 -> 0.0001235
A3: SO2** | B3: 810 | C3: g/tonnes | D3: Grinding | E3: 0.95 | F3: =E3*B3 -> 769.5 | G3: =F3/1000000 -> 0.0007695
A4: NOx** | B4: 520 | C4: g/tonnes | D4: Grinding | E4: 0.95 | F4: =E4*B4 -> 494 | G4: =F4/1000000 -> 0.000494
A5: PM10 | B5: 234 | C5: g/tonnes | D5: Grinding | E5: 0.95 | F5: =E5*B5 -> 222.3 | G5: =F5/1000000 -> 0.0002223
A6: TSP | B6: 260 | C6: g/tonnes | D6: Grinding | E6: 0.95 | F6: =E6*B6 -> 247 | G6: =F6/1000000 -> 0.000247
A7: BC | B7: 3 | C7: g/tonnes | D7: Grinding | E7: 0.95 | F7: =E7*B7 -> 2.85 | G7: =F7/1000000 -> 2.85e-06
A8: *Clinker factor: ratio of clinker mass to cement mass
A9: ** Median values used from Best available techniques
A10: Source: PM2.5, PM10, TSP, BC | B10: https://www.eea.europa.eu/en/analysis/publications/emep-eea-guidebook-2023/part-b-sectoral-guidance-chapters/2-industrial-processes-and-product-use/2-a-mineral-products/2-a-1-cement-production-2023/@@download/file
A11: Source: Best available techniques for SO2 and NOx | B11: https://unece.org/fileadmin/DAM/env/documents/2020/AIR/WGSR/TFTEI_Cement_final_document-december-2020.pdf

Sheet Community Reported
A1: id | B1: name | C1: lat | D1: lon | E1: type | F1: fuel | G1: state | H1: country | I1: status | J1: capacity_tonnes | K1: emfpm10(g_GJ) | L1: pm10_t_yr | M1: emfpm25(g_GJ) | N1: pm25_t_yr | O1: emfso2(g_GJ) | P1: so2_t_yr) | Q1: emfnox(g_GJ) | R1: nox_t_yr) | S1: Reported on
A2: CRPB-1 | C2: 22.785586 | D2: 89.579494 | E2: others | F2: waste | G2: Khulna | H2: Bangladesh | S2: 7/10/2025, 12:39:24 PM
A3: CRPB-2 | C3: 22.786325 | D3: 89.573841 | E3: others | F3: waste | G3: Khulna | H3: Bangladesh | S3: 9/6/2025, 10:28:15 AM
C6: ,
