Workbook

Sheet coal_plants_main
A1: id | B1: name | C1: lat | D1: lon | E1: type | F1: fuel | G1: region | H1: country | I1: status | J1: capacities | K1: capacity_power | L1: prod_kw | M1: emfpm10 | N1: pm10_t_yr | O1: emfpm25 | P1: pm25_t_yr | Q1: emfso2 | R1: so2_t_yr | S1: emfnox | T1: nox_t_yr
A2: CB-1 | B2: Barapukuria power station | C2: 25.553757 | D2: 88.948631 | E2: coal plant | F2: coal | G2: Dinajpur | H2: Bangladesh | I2: operating, operating, operating | J2: 125, 125, 275 | K2: {=SUM(VALUE(_xlfn.TEXTSPLIT(J2, ",")))} -> 525 | L2: =(K2*1000*24*365) -> 4599000000 | M2: =Sheet1!$D$5 -> 0.00037 | N2: =((L2*M2)/1000)*0.05 -> 85.0815 | O2: =Sheet1!$D$2 -> 0.00019 | P2: =((L2*O2)/1000)*0.05 -> 43.6905 | Q2: =Sheet1!$D$3 -> 0.0072 | R2: =((L2*Q2)/1000)*0.05 -> 1655.64 | S2: =Sheet1!$D$4 -> 0.0043 | T2: =((S2*L2)/1000)*0.05 -> 988.785
A3: CB-2 | B3: Patuakhali power station (RPCL/NORINCO) | C3: 22.025149 | D3: 90.312349 | E3: coal plant | F3: coal | G3: Patuakhali | H3: Bangladesh | I3: construction, construction | J3: 660, 660 | K3: {=SUM(VALUE(_xlfn.TEXTSPLIT(J3, ",")))} -> 1320 | L3: =(K3*1000*24*365) -> 11563200000 | M3: =Sheet1!$D$5 -> 0.00037 | N3: =((L3*M3)/1000)*0.05 -> 213.9192 | O3: =Sheet1!$D$2 -> 0.00019 | P3: =((L3*O3)/1000)*0.05 -> 109.8504 | Q3: =Sheet1!$D$3 -> 0.0072 | R3: =((L3*Q3)/1000)*0.05 -> 4162.752 | S3: =Sheet1!$D$4 -> 0.0043 | T3: =((S3*L3)/1000)*0.05 -> 2486.088
A4: CB-3 | B4: Payra power station (BCPCL) | C4: 21.999778 | D4: 90.305586 | E4: coal plant | F4: coal | G4: Patuakhali | H4: Bangladesh | I4: operating, operating, construction, construction | J4: 660, 660, 660, 660 | K4: {=SUM(VALUE(_xlfn.TEXTSPLIT(J4, ",")))} -> 2640 | L4: =(K4*1000*24*365) -> 23126400000 | M4: =Sheet1!$D$5 -> 0.00037 | N4: =((L4*M4)/1000)*0.05 -> 427.8384 | O4: =Sheet1!$D$2 -> 0.00019 | P4: =((L4*O4)/1000)*0.05 -> 219.7008 | Q4: =Sheet1!$D$3 -> 0.0072 | R4: =((L4*Q4)/1000)*0.05 -> 8325.504 | S4: =Sheet1!$D$4 -> 0.0043 | T4: =((S4*L4)/1000)*0.05 -> 4972.176
A5: CB-5 | B5: Barisal power station | C5: 21.963 | D5: 90.0655 | E5: coal plant | F5: coal | G5: Barisal | H5: Bangladesh | I5: operating | J5: 350 | K5: {=SUM(VALUE(_xlfn.TEXTSPLIT(J5, ",")))} -> 350 | L5: =(K5*1000*24*365) -> 3066000000 | M5: =Sheet1!$D$5 -> 0.00037 | N5: =((L5*M5)/1000)*0.05 -> 56.721 | O5: =Sheet1!$D$2 -> 0.00019 | P5: =((L5*O5)/1000)*0.05 -> 29.127 | Q5: =Sheet1!$D$3 -> 0.0072 | R5: =((L5*Q5)/1000)*0.05 -> 1103.76 | S5: =Sheet1!$D$4 -> 0.0043 | T5: =((S5*L5)/1000)*0.05 -> 659.19
A6: CB-4 | B6: Rampal power station | C6: 22.592458 | D6: 89.556427 | E6: coal plant | F6: coal | G6: Khulna | H6: Bangladesh | I6: operating, construction | J6: 660, 660 | K6: {=SUM(VALUE(_xlfn.TEXTSPLIT(J6, ",")))} -> 1320 | L6: =(K6*1000*24*365) -> 11563200000 | M6: =Sheet1!$D$5 -> 0.00037 | N6: =((L6*M6)/1000)*0.05 -> 213.9192 | O6: =Sheet1!$D$2 -> 0.00019 | P6: =((L6*O6)/1000)*0.05 -> 109.8504 | Q6: =Sheet1!$D$3 -> 0.0072 | R6: =((L6*Q6)/1000)*0.05 -> 4162.752 | S6: =Sheet1!$D$4 -> 0.0043 | T6: =((S6*L6)/1000)*0.05 -> 2486.088
A7: CI-1 | B7: Adani Godda power station | C7: 24.81411 | D7: 87.13547 | E7: coal plant | F7: coal | G7: Jharkhand | H7: India | I7: operating, operating | J7: 800, 800 | K7: {=SUM(VALUE(_xlfn.TEXTSPLIT(J7, ",")))} -> 1600 | L7: =(K7*1000*24*365) -> 14016000000 | M7: =Sheet1!$D$5 -> 0.00037 | N7: =((L7*M7)/1000)*0.05 -> 259.296 | O7: =Sheet1!$D$2 -> 0.00019 | P7: =((L7*O7)/1000)*0.05 -> 133.152 | Q7: =Sheet1!$D$3 -> 0.0072 | R7: =((L7*Q7)/1000)*0.05 -> 5045.76 | S7: =Sheet1!$D$4 -> 0.0043 | T7: =((S7*L7)/1000)*0.05 -> 3013.44
A8: CI-2 | B8: Angul Smelter power station (Meja Urja Nigam Pvt Ltd) | C8: 25.14587 | D8: 81.9401 | E8: captive power plant | F8: coal | G8: Uttar Pradesh | H8: India | I8: pre-permit | J8: 800 | K8: {=SUM(VALUE(_xlfn.TEXTSPLIT(J8, ",")))} -> 800 | L8: =(K8*1000*24*365) -> 7008000000 | M8: =Sheet1!$D$5 -> 0.00037 | N8: =((L8*M8)/1000)*0.05 -> 129.648 | O8: =Sheet1!$D$2 -> 0.00019 | P8: =((L8*O8)/1000)*0.05 -> 66.576 | Q8: =Sheet1!$D$3 -> 0.0072 | R8: =((L8*Q8)/1000)*0.05 -> 2522.88 | S8: =Sheet1!$D$4 -> 0.0043 | T8: =((S8*L8)/1000)*0.05 -> 1506.72
A9: CI-3 | B9: Angul Smelter power station (Mirzapur Thermal Energy (UP) Pvt Ltd) | C9: 25.13658 | D9: 82.5622 | E9: captive power plant | F9: coal | G9: Uttar Pradesh | H9: India | I9: pre-permit | J9: 800 | K9: {=SUM(VALUE(_xlfn.TEXTSPLIT(J9, ",")))} -> 800 | L9: =(K9*1000*24*365) -> 7008000000 | M9: =Sheet1!$D$5 -> 0.00037 | N9: =((L9*M9)/1000)*0.05 -> 129.648 | O9: =Sheet1!$D$2 -> 0.00019 | P9: =((L9*O9)/1000)*0.05 -> 66.576 | Q9: =Sheet1!$D$3 -> 0.0072 | R9: =((L9*Q9)/1000)*0.05 -> 2522.88 | S9: =Sheet1!$D$4 -> 0.0043 | T9: =((S9*L9)/1000)*0.05 -> 1506.72
A10: CI-4 | B10: Anpara power station | C10: 24.20204 | D10: 82.78913 | E10: coal plant | F10: coal | G10: Uttar Pradesh | H10: India | I10: operating, operating, operating, operating, operating | J10: 210, 210, 210, 500, 500 | K10: {=SUM(VALUE(_xlfn.TEXTSPLIT(J10, ",")))} -> 1630 | L10: =(K10*1000*24*365) -> 14278800000 | M10: =Sheet1!$D$5 -> 0.00037 | N10: =((L10*M10)/1000)*0.05 -> 264.1578 | O10: =Sheet1!$D$2 -> 0.00019 | P10: =((L10*O10)/1000)*0.05 -> 135.6486 | Q10: =Sheet1!$D$3 -> 0.0072 | R10: =((L10*Q10)/1000)*0.05 -> 5140.368 | S10: =Sheet1!$D$4 -> 0.0043 | T10: =((S10*L10)/1000)*0.05 -> 3069.942
A11: CI-5 | B11: Anpara-C power station | C11: 24.20379 | D11: 82.79733 | E11: coal plant | F11: coal | G11: Uttar Pradesh | H11: India | I11: operating, operating | J11: 600, 600 | K11: {=SUM(VALUE(_xlfn.TEXTSPLIT(J11, ",")))} -> 1200 | L11: =(K11*1000*24*365) -> 10512000000 | M11: =Sheet1!$D$5 -> 0.00037 | N11: =((L11*M11)/1000)*0.05 -> 194.472 | O11: =Sheet1!$D$2 -> 0.00019 | P11: =((L11*O11)/1000)*0.05 -> 99.864 | Q11: =Sheet1!$D$3 -> 0.0072 | R11: =((L11*Q11)/1000)*0.05 -> 3784.32 | S11: =Sheet1!$D$4 -> 0.0043 | T11: =((S11*L11)/1000)*0.05 -> 2260.08
A12: CI-6 | B12: Anpara-D power station | C12: 24.19626 | D12: 82.80634 | E12: coal plant | F12: coal | G12: Uttar Pradesh | H12: India | I12: operating, operating | J12: 500, 500 | K12: {=SUM(VALUE(_xlfn.TEXTSPLIT(J12, ",")))} -> 1000 | L12: =(K12*1000*24*365) -> 8760000000 | M12: =Sheet1!$D$5 -> 0.00037 | N12: =((L12*M12)/1000)*0.05 -> 162.06 | O12: =Sheet1!$D$2 -> 0.00019 | P12: =((L12*O12)/1000)*0.05 -> 83.22 | Q12: =Sheet1!$D$3 -> 0.0072 | R12: =((L12*Q12)/1000)*0.05 -> 3153.6 | S12: =Sheet1!$D$4 -> 0.0043 | T12: =((S12*L12)/1000)*0.05 -> 1883.4
A13: CI-7 | B13: Anpara-E power station | C13: 26.19278 | D13: 79.94028 | E13: coal plant | F13: coal | G13: Uttar Pradesh | H13: India | I13: permitted, permitted | J13: 660, 660 | K13: {=SUM(VALUE(_xlfn.TEXTSPLIT(J13, ",")))} -> 1320 | L13: =(K13*1000*24*365) -> 11563200000 | M13: =Sheet1!$D$5 -> 0.00037 | N13: =((L13*M13)/1000)*0.05 -> 213.9192 | O13: =Sheet1!$D$2 -> 0.00019 | P13: =((L13*O13)/1000)*0.05 -> 109.8504 | Q13: =Sheet1!$D$3 -> 0.0072 | R13: =((L13*Q13)/1000)*0.05 -> 4162.752 | S13: =Sheet1!$D$4 -> 0.0043 | T13: =((S13*L13)/1000)*0.05 -> 2486.088
A14: CI-8 | B14: Asansol Crescent power station | C14: 23.78457 | D14: 87.047245 | E14: coal plant | F14: coal | G14: West Bengal | H14: India | I14: operating | J14: 40 | K14: {=SUM(VALUE(_xlfn.TEXTSPLIT(J14, ",")))} -> 40 | L14: =(K14*1000*24*365) -> 350400000 | M14: =Sheet1!$D$5 -> 0.00037 | N14: =((L14*M14)/1000)*0.05 -> 6.4824 | O14: =Sheet1!$D$2 -> 0.00019 | P14: =((L14*O14)/1000)*0.05 -> 3.3288 | Q14: =Sheet1!$D$3 -> 0.0072 | R14: =((L14*Q14)/1000)*0.05 -> 126.144 | S14: =Sheet1!$D$4 -> 0.0043 | T14: =((S14*L14)/1000)*0.05 -> 75.336
A15: CI-9 | B15: Badarpur Thermal Power Station Stage I | C15: 22.995746 | D15: 88.403815 | E15: coal plant | F15: coal | G15: West Bengal | H15: India | I15: operating, operating, operating | J15: 95, 95, 95 | K15: {=SUM(VALUE(_xlfn.TEXTSPLIT(J15, ",")))} -> 285 | L15: =(K15*1000*24*365) -> 2496600000 | M15: =Sheet1!$D$5 -> 0.00037 | N15: =((L15*M15)/1000)*0.05 -> 46.1871 | O15: =Sheet1!$D$2 -> 0.00019 | P15: =((L15*O15)/1000)*0.05 -> 23.7177 | Q15: =Sheet1!$D$3 -> 0.0072 | R15: =((L15*Q15)/1000)*0.05 -> 898.776 | S15: =Sheet1!$D$4 -> 0.0043 | T15: =((S15*L15)/1000)*0.05 -> 536.769
A16: CI-10 | B16: Badarpur Thermal Power Station Stage II | C16: 24.714 | D16: 86.9583 | E16: coal plant | F16: coal | G16: Bihar | H16: India | I16: operating, operating | J16: 210, 210 | K16: {=SUM(VALUE(_xlfn.TEXTSPLIT(J16, ",")))} -> 420 | L16: =(K16*1000*24*365) -> 3679200000 | M16: =Sheet1!$D$5 -> 0.00037 | N16: =((L16*M16)/1000)*0.05 -> 68.0652 | O16: =Sheet1!$D$2 -> 0.00019 | P16: =((L16*O16)/1000)*0.05 -> 34.9524 | Q16: =Sheet1!$D$3 -> 0.0072 | R16: =((L16*Q16)/1000)*0.05 -> 1324.512 | S16: =Sheet1!$D$4 -> 0.0043 | T16: =((S16*L16)/1000)*0.05 -> 791.028
A17: CI-11 | B17: Bakreswar Thermal Power Station Phase I | C17: 25.391376 | D17: 86.023488 | E17: coal plant | F17: coal | G17: Bihar | H17: India | I17: operating, operating, operating | J17: 210, 210, 210 | K17: {=SUM(VALUE(_xlfn.TEXTSPLIT(J17, ",")))} -> 630 | L17: =(K17*1000*24*365) -> 5518800000 | M17: =Sheet1!$D$5 -> 0.00037 | N17: =((L17*M17)/1000)*0.05 -> 102.0978 | O17: =Sheet1!$D$2 -> 0.00019 | P17: =((L17*O17)/1000)*0.05 -> 52.4286 | Q17: =Sheet1!$D$3 -> 0.0072 | R17: =((L17*Q17)/1000)*0.05 -> 1986.768 | S17: =Sheet1!$D$4 -> 0.0043 | T17: =((S17*L17)/1000)*0.05 -> 1186.542
A18: CI-12 | B18: Bakreswar Thermal Power Station Phase II | C18: 23.829221 | D18: 87.451034 | E18: coal plant | F18: coal | G18: West Bengal | H18: India | I18: operating, operating | J18: 210, 210 | K18: {=SUM(VALUE(_xlfn.TEXTSPLIT(J18, ",")))} -> 420 | L18: =(K18*1000*24*365) -> 3679200000 | M18: =Sheet1!$D$5 -> 0.00037 | N18: =((L18*M18)/1000)*0.05 -> 68.0652 | O18: =Sheet1!$D$2 -> 0.00019 | P18: =((L18*O18)/1000)*0.05 -> 34.9524 | Q18: =Sheet1!$D$3 -> 0.0072 | R18: =((L18*Q18)/1000)*0.05 -> 1324.512 | S18: =Sheet1!$D$4 -> 0.0043 | T18: =((S18*L18)/1000)*0.05 -> 791.028
A19: CI-13 | B19: Bandel Thermal Power Station | C19: 22.99575 | D19: 88.40382 | E19: coal plant | F19: coal | G19: West Bengal | H19: India | I19: operating, operating, operating, operating, operating | J19: 60, 210, 60, 60, 60 | K19: {=SUM(VALUE(_xlfn.TEXTSPLIT(J19, ",")))} -> 450 | L19: =(K19*1000*24*365) -> 3942000000 | M19: =Sheet1!$D$5 -> 0.00037 | N19: =((L19*M19)/1000)*0.05 -> 72.927 | O19: =Sheet1!$D$2 -> 0.00019 | P19: =((L19*O19)/1000)*0.05 -> 37.449 | Q19: =Sheet1!$D$3 -> 0.0072 | R19: =((L19*Q19)/1000)*0.05 -> 1419.12 | S19: =Sheet1!$D$4 -> 0.0043 | T19: =((S19*L19)/1000)*0.05 -> 847.53
A20: CI-14 | B20: Bara Thermal Power Project | C20: 25.19635 | D20: 81.65853 | E20: coal plant | F20: coal | G20: Uttar Pradesh | H20: India | I20: operating, operating, operating | J20: 660, 660, 660 | K20: {=SUM(VALUE(_xlfn.TEXTSPLIT(J20, ",")))} -> 1980 | L20: =(K20*1000*24*365) -> 17344800000 | M20: =Sheet1!$D$5 -> 0.00037 | N20: =((L20*M20)/1000)*0.05 -> 320.8788 | O20: =Sheet1!$D$2 -> 0.00019 | P20: =((L20*O20)/1000)*0.05 -> 164.7756 | Q20: =Sheet1!$D$3 -> 0.0072 | R20: =((L20*Q20)/1000)*0.05 -> 6244.128 | S20: =Sheet1!$D$4 -> 0.0043 | T20: =((S20*L20)/1000)*0.05 -> 3729.132
A21: CI-15 | B21: Barauni power station | C21: 25.39138 | D21: 86.02349 | E21: coal plant | F21: coal | G21: Bihar | H21: India | I21: operating, operating, operating, operating | J21: 250, 250, 110, 110 | K21: {=SUM(VALUE(_xlfn.TEXTSPLIT(J21, ",")))} -> 720 | L21: =(K21*1000*24*365) -> 6307200000 | M21: =Sheet1!$D$5 -> 0.00037 | N21: =((L21*M21)/1000)*0.05 -> 116.6832 | O21: =Sheet1!$D$2 -> 0.00019 | P21: =((L21*O21)/1000)*0.05 -> 59.9184 | Q21: =Sheet1!$D$3 -> 0.0072 | R21: =((L21*Q21)/1000)*0.05 -> 2270.592 | S21: =Sheet1!$D$4 -> 0.0043 | T21: =((S21*L21)/1000)*0.05 -> 1356.048
A22: CI-16 | B22: Barh I power station | C22: 25.4693 | D22: 85.74516 | E22: coal plant | F22: coal | G22: Bihar | H22: India | I22: operating, construction, construction | J22: 660, 660, 660 | K22: {=SUM(VALUE(_xlfn.TEXTSPLIT(J22, ",")))} -> 1980 | L22: =(K22*1000*24*365) -> 17344800000 | M22: =Sheet1!$D$5 -> 0.00037 | N22: =((L22*M22)/1000)*0.05 -> 320.8788 | O22: =Sheet1!$D$2 -> 0.00019 | P22: =((L22*O22)/1000)*0.05 -> 164.7756 | Q22: =Sheet1!$D$3 -> 0.0072 | R22: =((L22*Q22)/1000)*0.05 -> 6244.128 | S22: =Sheet1!$D$4 -> 0.0043 | T22: =((S22*L22)/1000)*0.05 -> 3729.132
A23: CI-17 | B23: Barh II power station | C23: 25.4865 | D23: 85.74516 | E23: coal plant | F23: coal | G23: Bihar | H23: India | I23: operating, operating | J23: 660, 660 | K23: {=SUM(VALUE(_xlfn.TEXTSPLIT(J23, ",")))} -> 1320 | L23: =(K23*1000*24*365) -> 11563200000 | M23: =Sheet1!$D$5 -> 0.00037 | N23: =((L23*M23)/1000)*0.05 -> 213.9192 | O23: =Sheet1!$D$2 -> 0.00019 | P23: =((L23*O23)/1000)*0.05 -> 109.8504 | Q23: =Sheet1!$D$3 -> 0.0072 | R23: =((L23*Q23)/1000)*0.05 -> 4162.752 | S23: =Sheet1!$D$4 -> 0.0043 | T23: =((S23*L23)/1000)*0.05 -> 2486.088
A24: CI-18 | B24: Barkhera IPP power station | C24: 28.4722 | D24: 79.806725 | E24: coal plant | F24: coal | G24: Uttar Pradesh | H24: India | I24: operating, operating | J24: 45, 45 | K24: {=SUM(VALUE(_xlfn.TEXTSPLIT(J24, ",")))} -> 90 | L24: =(K24*1000*24*365) -> 788400000 | M24: =Sheet1!$D$5 -> 0.00037 | N24: =((L24*M24)/1000)*0.05 -> 14.5854 | O24: =Sheet1!$D$2 -> 0.00019 | P24: =((L24*O24)/1000)*0.05 -> 7.4898 | Q24: =Sheet1!$D$3 -> 0.0072 | R24: =((L24*Q24)/1000)*0.05 -> 283.824 | S24: =Sheet1!$D$4 -> 0.0043 | T24: =((S24*L24)/1000)*0.05 -> 169.506
A25: CI-19 | B25: Bilhaur Super Thermal Power Plant | C25: 26.76339 | D25: 80.05806 | E25: coal plant | F25: coal | G25: Uttar Pradesh | H25: India | I25: pre-permit, pre-permit | J25: 660, 660 | K25: {=SUM(VALUE(_xlfn.TEXTSPLIT(J25, ",")))} -> 1320 | L25: =(K25*1000*24*365) -> 11563200000 | M25: =Sheet1!$D$5 -> 0.00037 | N25: =((L25*M25)/1000)*0.05 -> 213.9192 | O25: =Sheet1!$D$2 -> 0.00019 | P25: =((L25*O25)/1000)*0.05 -> 109.8504 | Q25: =Sheet1!$D$3 -> 0.0072 | R25: =((L25*Q25)/1000)*0.05 -> 4162.752 | S25: =Sheet1!$D$4 -> 0.0043 | T25: =((S25*L25)/1000)*0.05 -> 2486.088
A26: CI-20 | B26: Budge Budge Generating Station | C26: 22.47034 | D26: 88.13995 | E26: coal plant | F26: coal | G26: West Bengal | H26: India | I26: operating, operating, operating | J26: 250, 250, 250 | K26: {=SUM(VALUE(_xlfn.TEXTSPLIT(J26, ",")))} -> 750 | L26: =(K26*1000*24*365) -> 6570000000 | M26: =Sheet1!$D$5 -> 0.00037 | N26: =((L26*M26)/1000)*0.05 -> 121.545 | O26: =Sheet1!$D$2 -> 0.00019 | P26: =((L26*O26)/1000)*0.05 -> 62.415 | Q26: =Sheet1!$D$3 -> 0.0072 | R26: =((L26*Q26)/1000)*0.05 -> 2365.2 | S26: =Sheet1!$D$4 -> 0.0043 | T26: =((S26*L26)/1000)*0.05 -> 1412.55
A27: CI-21 | B27: Chandrapur Thermal Power Station (Bihar State Power Holding Co Ltd) | C27: 25.39138 | D27: 86.02349 | E27: coal plant | F27: coal | G27: Bihar | H27: India | I27: operating | J27: 250 | K27: {=SUM(VALUE(_xlfn.TEXTSPLIT(J27, ",")))} -> 250 | L27: =(K27*1000*24*365) -> 2190000000 | M27: =Sheet1!$D$5 -> 0.00037 | N27: =((L27*M27)/1000)*0.05 -> 40.515 | O27: =Sheet1!$D$2 -> 0.00019 | P27: =((L27*O27)/1000)*0.05 -> 20.805 | Q27: =Sheet1!$D$3 -> 0.0072 | R27: =((L27*Q27)/1000)*0.05 -> 788.4 | S27: =Sheet1!$D$4 -> 0.0043 | T27: =((S27*L27)/1000)*0.05 -> 470.85
A28: CI-22 | B28: Buxar Thermal Power Station | C28: 25.46235 | D28: 83.88257 | E28: coal plant | F28: coal | G28: Bihar | H28: India | I28: construction, construction | J28: 660, 660 | K28: {=SUM(VALUE(_xlfn.TEXTSPLIT(J28, ",")))} -> 1320 | L28: =(K28*1000*24*365) -> 11563200000 | M28: =Sheet1!$D$5 -> 0.00037 | N28: =((L28*M28)/1000)*0.05 -> 213.9192 | O28: =Sheet1!$D$2 -> 0.00019 | P28: =((L28*O28)/1000)*0.05 -> 109.8504 | Q28: =Sheet1!$D$3 -> 0.0072 | R28: =((L28*Q28)/1000)*0.05 -> 4162.752 | S28: =Sheet1!$D$4 -> 0.0043 | T28: =((S28*L28)/1000)*0.05 -> 2486.088
A29: CI-23 | B29: Chunar Cement power station | C29: 25.09089 | D29: 82.89734 | E29: captive power plant | F29: coal | G29: Uttar Pradesh | H29: India | I29: operating | J29: 38 | K29: {=SUM(VALUE(_xlfn.TEXTSPLIT(J29, ",")))} -> 38 | L29: =(K29*1000*24*365) -> 332880000 | M29: =Sheet1!$D$5 -> 0.00037 | N29: =((L29*M29)/1000)*0.05 -> 6.15828 | O29: =Sheet1!$D$2 -> 0.00019 | P29: =((L29*O29)/1000)*0.05 -> 3.16236 | Q29: =Sheet1!$D$3 -> 0.0072 | R29: =((L29*Q29)/1000)*0.05 -> 119.8368 | S29: =Sheet1!$D$4 -> 0.0043 | T29: =((S29*L29)/1000)*0.05 -> 71.5692
A30: CI-24 | B30: Churk captive power station | C30: 24.6391 | D30: 83.10109 | E30: captive power plant | F30: coal | G30: Uttar Pradesh | H30: India | I30: operating, operating, operating, operating | J30: 60, 60, 60, 60 | K30: {=SUM(VALUE(_xlfn.TEXTSPLIT(J30, ",")))} -> 240 | L30: =(K30*1000*24*365) -> 2102400000 | M30: =Sheet1!$D$5 -> 0.00037 | N30: =((L30*M30)/1000)*0.05 -> 38.8944 | O30: =Sheet1!$D$2 -> 0.00019 | P30: =((L30*O30)/1000)*0.05 -> 19.9728 | Q30: =Sheet1!$D$3 -> 0.0072 | R30: =((L30*Q30)/1000)*0.05 -> 756.864 | S30: =Sheet1!$D$4 -> 0.0043 | T30: =((S30*L30)/1000)*0.05 -> 452.016
A31: CI-25 | B31: Deenbandhu Chhotu Ram Thermal Power Plant | C31: 30.10541 | D31: 77.32697 | E31: coal plant | F31: coal | G31: Haryana | H31: India | I31: operating, operating | J31: 300, 300 | K31: {=SUM(VALUE(_xlfn.TEXTSPLIT(J31, ",")))} -> 600 | L31: =(K31*1000*24*365) -> 5256000000 | M31: =Sheet1!$D$5 -> 0.00037 | N31: =((L31*M31)/1000)*0.05 -> 97.236 | O31: =Sheet1!$D$2 -> 0.00019 | P31: =((L31*O31)/1000)*0.05 -> 49.932 | Q31: =Sheet1!$D$3 -> 0.0072 | R31: =((L31*Q31)/1000)*0.05 -> 1892.16 | S31: =Sheet1!$D$4 -> 0.0043 | T31: =((S31*L31)/1000)*0.05 -> 1130.04
A32: CI-26 | B32: Durgapur SAIL power station | C32: 23.55181 | D32: 87.24848 | E32: captive power plant | F32: coal | G32: West Bengal | H32: India | I32: operating, operating | J32: 60, 60 | K32: {=SUM(VALUE(_xlfn.TEXTSPLIT(J32, ",")))} -> 120 | L32: =(K32*1000*24*365) -> 1051200000 | M32: =Sheet1!$D$5 -> 0.00037 | N32: =((L32*M32)/1000)*0.05 -> 19.4472 | O32: =Sheet1!$D$2 -> 0.00019 | P32: =((L32*O32)/1000)*0.05 -> 9.9864 | Q32: =Sheet1!$D$3 -> 0.0072 | R32: =((L32*Q32)/1000)*0.05 -> 378.432 | S32: =Sheet1!$D$4 -> 0.0043 | T32: =((S32*L32)/1000)*0.05 -> 226.008
A33: CI-27 | B33: Durgapur Steel City Andal power station | C33: 23.58 | D33: 87.2043 | E33: captive power plant | F33: coal | G33: West Bengal | H33: India | I33: operating, operating | J33: 500, 500 | K33: {=SUM(VALUE(_xlfn.TEXTSPLIT(J33, ",")))} -> 1000 | L33: =(K33*1000*24*365) -> 8760000000 | M33: =Sheet1!$D$5 -> 0.00037 | N33: =((L33*M33)/1000)*0.05 -> 162.06 | O33: =Sheet1!$D$2 -> 0.00019 | P33: =((L33*O33)/1000)*0.05 -> 83.22 | Q33: =Sheet1!$D$3 -> 0.0072 | R33: =((L33*Q33)/1000)*0.05 -> 3153.6 | S33: =Sheet1!$D$4 -> 0.0043 | T33: =((S33*L33)/1000)*0.05 -> 1883.4
A34: CI-28 | B34: Farakka power station | C34: 24.77273 | D34: 87.89371 | E34: coal plant | F34: coal | G34: West Bengal | H34: India | I34: operating, operating, operating, operating, operating, operating | J34: 200, 200, 200, 500, 500, 500 | K34: {=SUM(VALUE(_xlfn.TEXTSPLIT(J34, ",")))} -> 2100 | L34: =(K34*1000*24*365) -> 18396000000 | M34: =Sheet1!$D$5 -> 0.00037 | N34: =((L34*M34)/1000)*0.05 -> 340.326 | O34: =Sheet1!$D$2 -> 0.00019 | P34: =((L34*O34)/1000)*0.05 -> 174.762 | Q34: =Sheet1!$D$3 -> 0.0072 | R34: =((L34*Q34)/1000)*0.05 -> 6622.56 | S34: =Sheet1!$D$4 -> 0.0043 | T34: =((S34*L34)/1000)*0.05 -> 3955.14
A35: CI-29 | B35: Feroze Gandhi Unchahar Power Station | C35: 25.91376 | D35: 81.32724 | E35: coal plant | F35: coal | G35: Uttar Pradesh | H35: India | I35: operating, operating, operating, operating, operating, operating | J35: 210, 210, 210, 210, 210, 500 | K35: {=SUM(VALUE(_xlfn.TEXTSPLIT(J35, ",")))} -> 1550 | L35: =(K35*1000*24*365) -> 13578000000 | M35: =Sheet1!$D$5 -> 0.00037 | N35: =((L35*M35)/1000)*0.05 -> 251.193 | O35: =Sheet1!$D$2 -> 0.00019 | P35: =((L35*O35)/1000)*0.05 -> 128.991 | Q35: =Sheet1!$D$3 -> 0.0072 | R35: =((L35*Q35)/1000)*0.05 -> 4888.08 | S35: =Sheet1!$D$4 -> 0.0043 | T35: =((S35*L35)/1000)*0.05 -> 2919.27
A36: CI-30 | B36: Ghatampur power station | C36: 25.975 | D36: 80.1889 | E36: coal plant | F36: coal | G36: Uttar Pradesh | H36: India | I36: construction, construction, construction | J36: 660, 660, 660 | K36: {=SUM(VALUE(_xlfn.TEXTSPLIT(J36, ",")))} -> 1980 | L36: =(K36*1000*24*365) -> 17344800000 | M36: =Sheet1!$D$5 -> 0.00037 | N36: =((L36*M36)/1000)*0.05 -> 320.8788 | O36: =Sheet1!$D$2 -> 0.00019 | P36: =((L36*O36)/1000)*0.05 -> 164.7756 | Q36: =Sheet1!$D$3 -> 0.0072 | R36: =((L36*Q36)/1000)*0.05 -> 6244.128 | S36: =Sheet1!$D$4 -> 0.0043 | T36: =((S36*L36)/1000)*0.05 -> 3729.132
A37: CI-31 | B37: Guru Hargobind Lehra Mohabbat Power Station | C37: 30.26656 | D37: 75.1661 | E37: coal plant | F37: coal | G37: Punjab | H37: India | I37: operating, operating, operating, operating | J37: 210, 210, 250, 250 | K37: {=SUM(VALUE(_xlfn.TEXTSPLIT(J37, ",")))} -> 920 | L37: =(K37*1000*24*365) -> 8059200000 | M37: =Sheet1!$D$5 -> 0.00037 | N37: =((L37*M37)/1000)*0.05 -> 149.0952 | O37: =Sheet1!$D$2 -> 0.00019 | P37: =((L37*O37)/1000)*0.05 -> 76.5624 | Q37: =Sheet1!$D$3 -> 0.0072 | R37: =((L37*Q37)/1000)*0.05 -> 2901.312 | S37: =Sheet1!$D$4 -> 0.0043 | T37: =((S37*L37)/1000)*0.05 -> 1732.728
A38: CI-32 | B38: Guru Nanak Dev Thermal Power Station (GNDTP) Stage I | C38: 28.485091 | D38: 76.37316 | E38: coal plant | F38: coal | G38: Haryana | H38: India | I38: operating, operating, operating, operating | J38: 110, 110, 110, 120 | K38: {=SUM(VALUE(_xlfn.TEXTSPLIT(J38, ",")))} -> 450 | L38: =(K38*1000*24*365) -> 3942000000 | M38: =Sheet1!$D$5 -> 0.00037 | N38: =((L38*M38)/1000)*0.05 -> 72.927 | O38: =Sheet1!$D$2 -> 0.00019 | P38: =((L38*O38)/1000)*0.05 -> 37.449 | Q38: =Sheet1!$D$3 -> 0.0072 | R38: =((L38*Q38)/1000)*0.05 -> 1419.12 | S38: =Sheet1!$D$4 -> 0.0043 | T38: =((S38*L38)/1000)*0.05 -> 847.53
A39: CI-33 | B39: Haldia Energy power station | C39: 22.06046 | D39: 88.10975 | E39: coal plant | F39: coal | G39: West Bengal | H39: India | I39: operating, operating | J39: 600, 600 | K39: {=SUM(VALUE(_xlfn.TEXTSPLIT(J39, ",")))} -> 1200 | L39: =(K39*1000*24*365) -> 10512000000 | M39: =Sheet1!$D$5 -> 0.00037 | N39: =((L39*M39)/1000)*0.05 -> 194.472 | O39: =Sheet1!$D$2 -> 0.00019 | P39: =((L39*O39)/1000)*0.05 -> 99.864 | Q39: =Sheet1!$D$3 -> 0.0072 | R39: =((L39*Q39)/1000)*0.05 -> 3784.32 | S39: =Sheet1!$D$4 -> 0.0043 | T39: =((S39*L39)/1000)*0.05 -> 2260.08
A40: CI-34 | B40: Haldia India Power | C40: 25.236903 | D40: 87.265595 | E40: captive power plant | F40: coal | G40: Bihar | H40: India | I40: construction, construction, construction | J40: 150, 150, 150 | K40: {=SUM(VALUE(_xlfn.TEXTSPLIT(J40, ",")))} -> 450 | L40: =(K40*1000*24*365) -> 3942000000 | M40: =Sheet1!$D$5 -> 0.00037 | N40: =((L40*M40)/1000)*0.05 -> 72.927 | O40: =Sheet1!$D$2 -> 0.00019 | P40: =((L40*O40)/1000)*0.05 -> 37.449 | Q40: =Sheet1!$D$3 -> 0.0072 | R40: =((L40*Q40)/1000)*0.05 -> 1419.12 | S40: =Sheet1!$D$4 -> 0.0043 | T40: =((S40*L40)/1000)*0.05 -> 847.53
A41: CI-35 | B41: Harduaganj power station | C41: 28.0175 | D41: 78.13 | E41: coal plant | F41: coal | G41: Uttar Pradesh | H41: India | I41: operating, operating, operating, operating, pre-permit | J41: 660, 110, 250, 250, 660 | K41: {=SUM(VALUE(_xlfn.TEXTSPLIT(J41, ",")))} -> 1930 | L41: =(K41*1000*24*365) -> 16906800000 | M41: =Sheet1!$D$5 -> 0.00037 | N41: =((L41*M41)/1000)*0.05 -> 312.7758 | O41: =Sheet1!$D$2 -> 0.00019 | P41: =((L41*O41)/1000)*0.05 -> 160.6146 | Q41: =Sheet1!$D$3 -> 0.0072 | R41: =((L41*Q41)/1000)*0.05 -> 6086.448 | S41: =Sheet1!$D$4 -> 0.0043 | T41: =((S41*L41)/1000)*0.05 -> 3634.962
... A75: CI-69 | B75: Welspun Energy Mirzapur power station | C75: 24.801699 | D75: 84.59662 | E75: captive power plant | F75: coal | G75: Bihar | H75: India | I75: permitted, permitted | J75: 660, 660 | K75: {=SUM(VALUE(_xlfn.TEXTSPLIT(J75, ",")))} -> 1320 | L75: =(K75*1000*24*365) -> 11563200000 | M75: =Sheet1!$D$5 -> 0.00037 | N75: =((L75*M75)/1000)*0.05 -> 213.9192 | O75: =Sheet1!$D$2 -> 0.00019 | P75: =((L75*O75)/1000)*0.05 -> 109.8504 | Q75: =Sheet1!$D$3 -> 0.0072 | R75: =((L75*Q75)/1000)*0.05 -> 4162.752 | S75: =Sheet1!$D$4 -> 0.0043 | T75: =((S75*L75)/1000)*0.05 -> 2486.088
A76: CI-70 | B76: Goindwal Sahib Thermal Power Plant | C76: 31.38414 | D76: 75.1465 | E76: coal plant | F76: coal | G76: Punjab | H76: India | I76: operating | J76: 300 | K76: {=SUM(VALUE(_xlfn.TEXTSPLIT(J76, ",")))} -> 300 | L76: =(K76*1000*24*365) -> 2628000000 | M76: =Sheet1!$D$5 -> 0.00037 | N76: =((L76*M76)/1000)*0.05 -> 48.618 | O76: =Sheet1!$D$2 -> 0.00019 | P76: =((L76*O76)/1000)*0.05 -> 24.966 | Q76: =Sheet1!$D$3 -> 0.0072 | R76: =((L76*Q76)/1000)*0.05 -> 946.08 | S76: =Sheet1!$D$4 -> 0.0043 | T76: =((S76*L76)/1000)*0.05 -> 565.02
A77: CI-71 | B77: Hasdeo Thermal Power Station (The Durgapur Projects Ltd) | C77: 23.52115 | D77: 87.30231 | E77: coal plant | F77: coal | G77: West Bengal | H77: India | I77: operating, operating | J77: 300, 300 | K77: {=SUM(VALUE(_xlfn.TEXTSPLIT(J77, ",")))} -> 600 | L77: =(K77*1000*24*365) -> 5256000000 | M77: =Sheet1!$D$5 -> 0.00037 | N77: =((L77*M77)/1000)*0.05 -> 97.236 | O77: =Sheet1!$D$2 -> 0.00019 | P77: =((L77*O77)/1000)*0.05 -> 49.932 | Q77: =Sheet1!$D$3 -> 0.0072 | R77: =((L77*Q77)/1000)*0.05 -> 1892.16 | S77: =Sheet1!$D$4 -> 0.0043 | T77: =((S77*L77)/1000)*0.05 -> 1130.04
A78: CI-72 | B78: Jojobera Power Plant (Haldia Energy Ltd) | C78: 22.06046 | D78: 88.10975 | E78: captive power plant | F78: coal | G78: West Bengal | H78: India | I78: operating, operating | J78: 300, 300 | K78: {=SUM(VALUE(_xlfn.TEXTSPLIT(J78, ",")))} -> 600 | L78: =(K78*1000*24*365) -> 5256000000 | M78: =Sheet1!$D$5 -> 0.00037 | N78: =((L78*M78)/1000)*0.05 -> 97.236 | O78: =Sheet1!$D$2 -> 0.00019 | P78: =((L78*O78)/1000)*0.05 -> 49.932 | Q78: =Sheet1!$D$3 -> 0.0072 | R78: =((L78*Q78)/1000)*0.05 -> 1892.16 | S78: =Sheet1!$D$4 -> 0.0043 | T78: =((S78*L78)/1000)*0.05 -> 1130.04
A79: CI-73 | B79: Jojobera Power Plant (Uttar Pradesh Rajya Vidyut Utpadan Nigam Ltd) | C79: 28.0175 | D79: 78.13 | E79: captive power plant | F79: coal | G79: Uttar Pradesh | H79: India | I79: operating, operating, operating | J79: 660,110, 250 | K79: {=SUM(VALUE(_xlfn.TEXTSPLIT(J79, ",")))} -> 1020 | L79: =(K79*1000*24*365) -> 8935200000 | M79: =Sheet1!$D$5 -> 0.00037 | N79: =((L79*M79)/1000)*0.05 -> 165.3012 | O79: =Sheet1!$D$2 -> 0.00019 | P79: =((L79*O79)/1000)*0.05 -> 84.8844 | Q79: =Sheet1!$D$3 -> 0.0072 | R79: =((L79*Q79)/1000)*0.05 -> 3216.672 | S79: =Sheet1!$D$4 -> 0.0043 | T79: =((S79*L79)/1000)*0.05 -> 1921.068
A80: CI-74 | B80: Lalitpur power project (The West Bengal Power Development Corp Ltd) | C80: 22.41657 | D80: 87.87098 | E80: coal plant | F80: coal | G80: West Bengal | H80: India | I80: operating | J80: 210, 210, 210 | K80: {=SUM(VALUE(_xlfn.TEXTSPLIT(J80, ",")))} -> 630 | L80: =(K80*1000*24*365) -> 5518800000 | M80: =Sheet1!$D$5 -> 0.00037 | N80: =((L80*M80)/1000)*0.05 -> 102.0978 | O80: =Sheet1!$D$2 -> 0.00019 | P80: =((L80*O80)/1000)*0.05 -> 52.4286 | Q80: =Sheet1!$D$3 -> 0.0072 | R80: =((L80*Q80)/1000)*0.05 -> 1986.768 | S80: =Sheet1!$D$4 -> 0.0043 | T80: =((S80*L80)/1000)*0.05 -> 1186.542
A81: CI-75 | B81: Mirzapur power station | C81: 25.13658 | D81: 82.5622 | E81: coal plant | F81: coal | G81: Uttar Pradesh | H81: India | I81: operating | J81: 45 | K81: {=SUM(VALUE(_xlfn.TEXTSPLIT(J81, ",")))} -> 45 | L81: =(K81*1000*24*365) -> 394200000 | M81: =Sheet1!$D$5 -> 0.00037 | N81: =((L81*M81)/1000)*0.05 -> 7.2927 | O81: =Sheet1!$D$2 -> 0.00019 | P81: =((L81*O81)/1000)*0.05 -> 3.7449 | Q81: =Sheet1!$D$3 -> 0.0072 | R81: =((L81*Q81)/1000)*0.05 -> 141.912 | S81: =Sheet1!$D$4 -> 0.0043 | T81: =((S81*L81)/1000)*0.05 -> 84.753
A82: CI-76 | B82: Pirpainti Thermal Power station | C82: 25.324011 | D82: 87.42764 | E82: coal plant | F82: coal | G82: Bihar | H82: India | I82: pre-permit, pre-permit, pre-permit | J82: 800, 800, 800 | K82: {=SUM(VALUE(_xlfn.TEXTSPLIT(J82, ",")))} -> 2400 | L82: =(K82*1000*24*365) -> 21024000000 | M82: =Sheet1!$D$5 -> 0.00037 | N82: =((L82*M82)/1000)*0.05 -> 388.944 | O82: =Sheet1!$D$2 -> 0.00019 | P82: =((L82*O82)/1000)*0.05 -> 199.728 | Q82: =Sheet1!$D$3 -> 0.0072 | R82: =((L82*Q82)/1000)*0.05 -> 7568.64 | S82: =Sheet1!$D$4 -> 0.0043 | T82: =((S82*L82)/1000)*0.05 -> 4520.16
A83: CI-77 | B83: Salboni Power Plant | C83: 22.641998 | D83: 87.32392 | E83: coal plant | F83: coal | G83: West Bengal | H83: India | I83: pre-permit, pre-permit | J83: 800, 800 | K83: {=SUM(VALUE(_xlfn.TEXTSPLIT(J83, ",")))} -> 1600 | L83: =(K83*1000*24*365) -> 14016000000 | M83: =Sheet1!$D$5 -> 0.00037 | N83: =((L83*M83)/1000)*0.05 -> 259.296 | O83: =Sheet1!$D$2 -> 0.00019 | P83: =((L83*O83)/1000)*0.05 -> 133.152 | Q83: =Sheet1!$D$3 -> 0.0072 | R83: =((L83*Q83)/1000)*0.05 -> 5045.76 | S83: =Sheet1!$D$4 -> 0.0043 | T83: =((S83*L83)/1000)*0.05 -> 3013.44
A84: CI-78 | B84: Durgapur DVC power station | C84: 23.531506 | D84: 87.249856 | E84: coal plant | F84: coal | G84: West Bengal | H84: India | I84: pre-permit | J84: 800 | K84: {=SUM(VALUE(_xlfn.TEXTSPLIT(J84, ",")))} -> 800 | L84: =(K84*1000*24*365) -> 7008000000 | M84: =Sheet1!$D$5 -> 0.00037 | N84: =((L84*M84)/1000)*0.05 -> 129.648 | O84: =Sheet1!$D$2 -> 0.00019 | P84: =((L84*O84)/1000)*0.05 -> 66.576 | Q84: =Sheet1!$D$3 -> 0.0072 | R84: =((L84*Q84)/1000)*0.05 -> 2522.88 | S84: =Sheet1!$D$4 -> 0.0043 | T84: =((S84*L84)/1000)*0.05 -> 1506.72
A85: CI-79 | B85: Sabarmati power station (NTPC Ltd) | C85: 24.105382 | D85: 82.706386 | E85: coal plant | F85: coal | G85: Uttar Pradesh | H85: India | I85: operating, operating | J85: 500, 500 | K85: {=SUM(VALUE(_xlfn.TEXTSPLIT(J85, ",")))} -> 1000 | L85: =(K85*1000*24*365) -> 8760000000 | M85: =Sheet1!$D$5 -> 0.00037 | N85: =((L85*M85)/1000)*0.05 -> 162.06 | O85: =Sheet1!$D$2 -> 0.00019 | P85: =((L85*O85)/1000)*0.05 -> 83.22 | Q85: =Sheet1!$D$3 -> 0.0072 | R85: =((L85*Q85)/1000)*0.05 -> 3153.6 | S85: =Sheet1!$D$4 -> 0.0043 | T85: =((S85*L85)/1000)*0.05 -> 1883.4
A86: CP-1 | B86: Dera Ghazi Khan Cement power station | C86: 30.33167 | D86: 70.5394 | E86: captive power plant | F86: coal | G86: Punjab | H86: Pakistan | I86: operating | J86: 30 | K86: {=SUM(VALUE(_xlfn.TEXTSPLIT(J86, ",")))} -> 30 | L86: =(K86*1000*24*365) -> 262800000 | M86: =Sheet1!$D$5 -> 0.00037 | N86: =((L86*M86)/1000)*0.05 -> 4.8618 | O86: =Sheet1!$D$2 -> 0.00019 | P86: =((L86*O86)/1000)*0.05 -> 2.4966 | Q86: =Sheet1!$D$3 -> 0.0072 | R86: =((L86*Q86)/1000)*0.05 -> 94.608 | S86: =Sheet1!$D$4 -> 0.0043 | T86: =((S86*L86)/1000)*0.05 -> 56.502
A87: CP-2 | B87: Fauji Fertilizer power station | C87: 24.83309 | D87: 67.41962 | E87: captive power plant | F87: coal | G87: Sindh | H87: Pakistan | I87: operating | J87: 118 | K87: {=SUM(VALUE(_xlfn.TEXTSPLIT(J87, ",")))} -> 118 | L87: =(K87*1000*24*365) -> 1033680000 | M87: =Sheet1!$D$5 -> 0.00037 | N87: =((L87*M87)/1000)*0.05 -> 19.12308 | O87: =Sheet1!$D$2 -> 0.00019 | P87: =((L87*O87)/1000)*0.05 -> 9.81996 | Q87: =Sheet1!$D$3 -> 0.0072 | R87: =((L87*Q87)/1000)*0.05 -> 372.1248 | S87: =Sheet1!$D$4 -> 0.0043 | T87: =((S87*L87)/1000)*0.05 -> 222.2412
A88: CP-3 | B88: Hub Cement power station | C88: 25.15589 | D88: 66.78361 | E88: captive power plant | F88: coal | G88: Balochistan | H88: Pakistan | I88: operating | J88: 30 | K88: {=SUM(VALUE(_xlfn.TEXTSPLIT(J88, ",")))} -> 30 | L88: =(K88*1000*24*365) -> 262800000 | M88: =Sheet1!$D$5 -> 0.00037 | N88: =((L88*M88)/1000)*0.05 -> 4.8618 | O88: =Sheet1!$D$2 -> 0.00019 | P88: =((L88*O88)/1000)*0.05 -> 2.4966 | Q88: =Sheet1!$D$3 -> 0.0072 | R88: =((L88*Q88)/1000)*0.05 -> 94.608 | S88: =Sheet1!$D$4 -> 0.0043 | T88: =((S88*L88)/1000)*0.05 -> 56.502
A89: CP-4 | B89: Hubco power station | C89: 24.914675 | D89: 66.68876 | E89: coal plant | F89: coal | G89: Balochistan | H89: Pakistan | I89: operating, operating | J89: 660, 660 | K89: {=SUM(VALUE(_xlfn.TEXTSPLIT(J89, ",")))} -> 1320 | L89: =(K89*1000*24*365) -> 11563200000 | M89: =Sheet1!$D$5 -> 0.00037 | N89: =((L89*M89)/1000)*0.05 -> 213.9192 | O89: =Sheet1!$D$2 -> 0.00019 | P89: =((L89*O89)/1000)*0.05 -> 109.8504 | Q89: =Sheet1!$D$3 -> 0.0072 | R89: =((L89*Q89)/1000)*0.05 -> 4162.752 | S89: =Sheet1!$D$4 -> 0.0043 | T89: =((S89*L89)/1000)*0.05 -> 2486.088
A90: CP-5 | B90: Jamshoro power station | C90: 25.472222 | D90: 68.266111 | E90: coal plant | F90: coal | G90: Sindh | H90: Pakistan | I90: construction, permitted | J90: 660, 660 | K90: {=SUM(VALUE(_xlfn.TEXTSPLIT(J90, ",")))} -> 1320 | L90: =(K90*1000*24*365) -> 11563200000 | M90: =Sheet1!$D$5 -> 0.00037 | N90: =((L90*M90)/1000)*0.05 -> 213.9192 | O90: =Sheet1!$D$2 -> 0.00019 | P90: =((L90*O90)/1000)*0.05 -> 109.8504 | Q90: =Sheet1!$D$3 -> 0.0072 | R90: =((L90*Q90)/1000)*0.05 -> 4162.752 | S90: =Sheet1!$D$4 -> 0.0043 | T90: =((S90*L90)/1000)*0.05 -> 2486.088
A91: CP-6 | B91: Keti Bandar power station | C91: 24.15 | D91: 67.45 | E91: coal plant | F91: coal | G91: Sindh | H91: Pakistan | I91: pre-permit, pre-permit | J91: 660, 660 | K91: {=SUM(VALUE(_xlfn.TEXTSPLIT(J91, ",")))} -> 1320 | L91: =(K91*1000*24*365) -> 11563200000 | M91: =Sheet1!$D$5 -> 0.00037 | N91: =((L91*M91)/1000)*0.05 -> 213.9192 | O91: =Sheet1!$D$2 -> 0.00019 | P91: =((L91*O91)/1000)*0.05 -> 109.8504 | Q91: =Sheet1!$D$3 -> 0.0072 | R91: =((L91*Q91)/1000)*0.05 -> 4162.752 | S91: =Sheet1!$D$4 -> 0.0043 | T91: =((S91*L91)/1000)*0.05 -> 2486.088
A92: CP-7 | B92: Muzaffargarh sugar mill power station | C92: 30.29455 | D92: 70.96697 | E92: coal plant | F92: coal | G92: Punjab | H92: Pakistan | I92: operating, operating | J92: 60, 60 | K92: {=SUM(VALUE(_xlfn.TEXTSPLIT(J92, ",")))} -> 120 | L92: =(K92*1000*24*365) -> 1051200000 | M92: =Sheet1!$D$5 -> 0.00037 | N92: =((L92*M92)/1000)*0.05 -> 19.4472 | O92: =Sheet1!$D$2 -> 0.00019 | P92: =((L92*O92)/1000)*0.05 -> 9.9864 | Q92: =Sheet1!$D$3 -> 0.0072 | R92: =((L92*Q92)/1000)*0.05 -> 378.432 | S92: =Sheet1!$D$4 -> 0.0043 | T92: =((S92*L92)/1000)*0.05 -> 226.008
A93: CP-8 | B93: Port Qasim EPC power station | C93: 24.7845 | D93: 67.36939 | E93: coal plant | F93: coal | G93: Sindh | H93: Pakistan | I93: operating, operating | J93: 660, 660 | K93: {=SUM(VALUE(_xlfn.TEXTSPLIT(J93, ",")))} -> 1320 | L93: =(K93*1000*24*365) -> 11563200000 | M93: =Sheet1!$D$5 -> 0.00037 | N93: =((L93*M93)/1000)*0.05 -> 213.9192 | O93: =Sheet1!$D$2 -> 0.00019 | P93: =((L93*O93)/1000)*0.05 -> 109.8504 | Q93: =Sheet1!$D$3 -> 0.0072 | R93: =((L93*Q93)/1000)*0.05 -> 4162.752 | S93: =Sheet1!$D$4 -> 0.0043 | T93: =((S93*L93)/1000)*0.05 -> 2486.088
A94: CP-9 | B94: Port Qasim Lucky power station | C94: 24.812805 | D94: 67.27456 | E94: coal plant | F94: coal | G94: Sindh | H94: Pakistan | I94: operating | J94: 660 | K94: {=SUM(VALUE(_xlfn.TEXTSPLIT(J94, ",")))} -> 660 | L94: =(K94*1000*24*365) -> 5781600000 | M94: =Sheet1!$D$5 -> 0.00037 | N94: =((L94*M94)/1000)*0.05 -> 106.9596 | O94: =Sheet1!$D$2 -> 0.00019 | P94: =((L94*O94)/1000)*0.05 -> 54.9252 | Q94: =Sheet1!$D$3 -> 0.0072 | R94: =((L94*Q94)/1000)*0.05 -> 2081.376 | S94: =Sheet1!$D$4 -> 0.0043 | T94: =((S94*L94)/1000)*0.05 -> 1243.044
A95: CP-10 | B95: Sahiwal power station | C95: 30.71422 | D95: 73.23802 | E95: coal plant | F95: coal | G95: Punjab | H95: Pakistan | I95: operating, operating | J95: 660, 660 | K95: {=SUM(VALUE(_xlfn.TEXTSPLIT(J95, ",")))} -> 1320 | L95: =(K95*1000*24*365) -> 11563200000 | M95: =Sheet1!$D$5 -> 0.00037 | N95: =((L95*M95)/1000)*0.05 -> 213.9192 | O95: =Sheet1!$D$2 -> 0.00019 | P95: =((L95*O95)/1000)*0.05 -> 109.8504 | Q95: =Sheet1!$D$3 -> 0.0072 | R95: =((L95*Q95)/1000)*0.05 -> 4162.752 | S95: =Sheet1!$D$4 -> 0.0043 | T95: =((S95*L95)/1000)*0.05 -> 2486.088
A96: CP-11 | B96: Siddiqsons power station | C96: 24.783618 | D96: 70.367088 | E96: coal plant | F96: coal | G96: Sindh | H96: Pakistan | I96: permitted | J96: 330 | K96: {=SUM(VALUE(_xlfn.TEXTSPLIT(J96, ",")))} -> 330 | L96: =(K96*1000*24*365) -> 2890800000 | M96: =Sheet1!$D$5 -> 0.00037 | N96: =((L96*M96)/1000)*0.05 -> 53.4798 | O96: =Sheet1!$D$2 -> 0.00019 | P96: =((L96*O96)/1000)*0.05 -> 27.4626 | Q96: =Sheet1!$D$3 -> 0.0072 | R96: =((L96*Q96)/1000)*0.05 -> 1040.688 | S96: =Sheet1!$D$4 -> 0.0043 | T96: =((S96*L96)/1000)*0.05 -> 621.522
A97: CP-12 | B97: ThalNova power station | C97: 24.815456 | D97: 70.388369 | E97: coal plant | F97: lignite | G97: Sindh | H97: Pakistan | I97: operating | J97: 330 | K97: {=SUM(VALUE(_xlfn.TEXTSPLIT(J97, ",")))} -> 330 | L97: =(K97*1000*24*365) -> 2890800000 | M97: =Sheet1!$D$5 -> 0.00037 | N97: =((L97*M97)/1000)*0.05 -> 53.4798 | O97: =Sheet1!$D$2 -> 0.00019 | P97: =((L97*O97)/1000)*0.05 -> 27.4626 | Q97: =Sheet1!$D$3 -> 0.0072 | R97: =((L97*Q97)/1000)*0.05 -> 1040.688 | S97: =Sheet1!$D$4 -> 0.0043 | T97: =((S97*L97)/1000)*0.05 -> 621.522
A98: CP-13 | B98: Thar Block I power station | C98: 24.710803 | D98: 70.302493 | E98: coal plant | F98: lignite | G98: Sindh | H98: Pakistan | I98: operating, operating | J98: 660, 660 | K98: {=SUM(VALUE(_xlfn.TEXTSPLIT(J98, ",")))} -> 1320 | L98: =(K98*1000*24*365) -> 11563200000 | M98: =Sheet1!$D$5 -> 0.00037 | N98: =((L98*M98)/1000)*0.05 -> 213.9192 | O98: =Sheet1!$D$2 -> 0.00019 | P98: =((L98*O98)/1000)*0.05 -> 109.8504 | Q98: =Sheet1!$D$3 -> 0.0072 | R98: =((L98*Q98)/1000)*0.05 -> 4162.752 | S98: =Sheet1!$D$4 -> 0.0043 | T98: =((S98*L98)/1000)*0.05 -> 2486.088
A99: CP-14 | B99: Thar Block II power station | C99: 24.812481 | D99: 70.394069 | E99: coal plant | F99: lignite | G99: Sindh | H99: Pakistan | I99: operating, operating | J99: 330, 330 | K99: {=SUM(VALUE(_xlfn.TEXTSPLIT(J99, ",")))} -> 660 | L99: =(K99*1000*24*365) -> 5781600000 | M99: =Sheet1!$D$5 -> 0.00037 | N99: =((L99*M99)/1000)*0.05 -> 106.9596 | O99: =Sheet1!$D$2 -> 0.00019 | P99: =((L99*O99)/1000)*0.05 -> 54.9252 | Q99: =Sheet1!$D$3 -> 0.0072 | R99: =((L99*Q99)/1000)*0.05 -> 2081.376 | S99: =Sheet1!$D$4 -> 0.0043 | T99: =((S99*L99)/1000)*0.05 -> 1243.044
A100: CP-15 | B100: Thar Block VI power station | C100: 24.840802 | D100: 70.315075 | E100: coal plant | F100: lignite | G100: Sindh | H100: Pakistan | I100: pre-permit, pre-permit | J100: 700, 700 | K100: {=SUM(VALUE(_xlfn.TEXTSPLIT(J100, ",")))} -> 1400 | L100: =(K100*1000*24*365) -> 12264000000 | M100: =Sheet1!$D$5 -> 0.00037 | N100: =((L100*M100)/1000)*0.05 -> 226.884 | O100: =Sheet1!$D$2 -> 0.00019 | P100: =((L100*O100)/1000)*0.05 -> 116.508 | Q100: =Sheet1!$D$3 -> 0.0072 | R100: =((L100*Q100)/1000)*0.05 -> 4415.04 | S100: =Sheet1!$D$4 -> 0.0043 | T100: =((S100*L100)/1000)*0.05 -> 2636.76
A101: CP-16 | B101: Thar Energy Limited power station | C101: 24.806213 | D101: 70.400501 | E101: coal plant | F101: lignite | G101: Sindh | H101: Pakistan | I101: operating | J101: 330 | K101: {=SUM(VALUE(_xlfn.TEXTSPLIT(J101, ",")))} -> 330 | L101: =(K101*1000*24*365) -> 2890800000 | M101: =Sheet1!$D$5 -> 0.00037 | N101: =((L101*M101)/1000)*0.05 -> 53.4798 | O101: =Sheet1!$D$2 -> 0.00019 | P101: =((L101*O101)/1000)*0.05 -> 27.4626 | Q101: =Sheet1!$D$3 -> 0.0072 | R101: =((L101*Q101)/1000)*0.05 -> 1040.688 | S101: =Sheet1!$D$4 -> 0.0043 | T101: =((S101*L101)/1000)*0.05 -> 621.522
A102: CP-17 | B102: Master Power Plant | C102: 31.268785 | D102: 74.179737 | E102: captive power plant | F102: coal | G102: Punjab | H102: Pakistan | I102: operating | J102: 0 | K102: {=SUM(VALUE(_xlfn.TEXTSPLIT(J102, ",")))} -> 0 | L102: =(K102*1000*24*365) -> 0 | M102: =Sheet1!$D$5 -> 0.00037 | N102: =((L102*M102)/1000)*0.05 -> 0 | O102: =Sheet1!$D$2 -> 0.00019 | P102: =((L102*O102)/1000)*0.05 -> 0 | Q102: =Sheet1!$D$3 -> 0.0072 | R102: =((L102*Q102)/1000)*0.05 -> 0 | S102: =Sheet1!$D$4 -> 0.0043 | T102: =((S102*L102)/1000)*0.05 -> 0
A103: CP-18 | B103: Sheikhupura power station | C103: 31.6526 | D103: 74.1808 | E103: captive power plant | F103: coal | G103: Punjab | H103: Pakistan | I103: construction | J103: 31.5 | K103: {=SUM(VALUE(_xlfn.TEXTSPLIT(J103, ",")))} -> 31.5 | L103: =(K103*1000*24*365) -> 275940000 | M103: =Sheet1!$D$5 -> 0.00037 | N103: =((L103*M103)/1000)*0.05 -> 5.10489 | O103: =Sheet1!$D$2 -> 0.00019 | P103: =((L103*O103)/1000)*0.05 -> 2.62143 | Q103: =Sheet1!$D$3 -> 0.0072 | R103: =((L103*Q103)/1000)*0.05 -> 99.3384 | S103: =Sheet1!$D$4 -> 0.0043 | T103: =((S103*L103)/1000)*0.05 -> 59.3271
A104: CP-19 | B104: Nestle Power Plant | C104: 31.688493 | D104: 74.07641 | E104: captive power plant | F104: coal | G104: Punjab | H104: Pakistan | I104: operating | J104: 0 | K104: {=SUM(VALUE(_xlfn.TEXTSPLIT(J104, ",")))} -> 0 | L104: =(K104*1000*24*365) -> 0 | M104: =Sheet1!$D$5 -> 0.00037 | N104: =((L104*M104)/1000)*0.05 -> 0 | O104: =Sheet1!$D$2 -> 0.00019 | P104: =((L104*O104)/1000)*0.05 -> 0 | Q104: =Sheet1!$D$3 -> 0.0072 | R104: =((L104*Q104)/1000)*0.05 -> 0 | S104: =Sheet1!$D$4 -> 0.0043 | T104: =((S104*L104)/1000)*0.05 -> 0
A105: CP-20 | B105: Bin Ajmal Rice Processing Mills | C105: 31.775564 | D105: 74.087669 | E105: captive power plant | F105: coal | G105: Punjab | H105: Pakistan | I105: operating | J105: 0 | K105: {=SUM(VALUE(_xlfn.TEXTSPLIT(J105, ",")))} -> 0 | L105: =(K105*1000*24*365) -> 0 | M105: =Sheet1!$D$5 -> 0.00037 | N105: =((L105*M105)/1000)*0.05 -> 0 | O105: =Sheet1!$D$2 -> 0.00019 | P105: =((L105*O105)/1000)*0.05 -> 0 | Q105: =Sheet1!$D$3 -> 0.0072 | R105: =((L105*Q105)/1000)*0.05 -> 0 | S105: =Sheet1!$D$4 -> 0.0043 | T105: =((S105*L105)/1000)*0.05 -> 0
A106: CP-21 | B106: Faisalabad Sitara Chemical power plant | C106: 31.52292 | D106: 73.38822 | E106: captive power plant | F106: coal | G106: Punjab | H106: Pakistan | I106: operating | J106: 40, 40 | K106: {=SUM(VALUE(_xlfn.TEXTSPLIT(J106, ",")))} -> 80 | L106: =(K106*1000*24*365) -> 700800000 | M106: =Sheet1!$D$5 -> 0.00037 | N106: =((L106*M106)/1000)*0.05 -> 12.9648 | O106: =Sheet1!$D$2 -> 0.00019 | P106: =((L106*O106)/1000)*0.05 -> 6.6576 | Q106: =Sheet1!$D$3 -> 0.0072 | R106: =((L106*Q106)/1000)*0.05 -> 252.288 | S106: =Sheet1!$D$4 -> 0.0043 | T106: =((S106*L106)/1000)*0.05 -> 150.672
A107: CP-22 | B107: Maple Leaf power station | C107: 32.90467 | D107: 71.61064 | E107: captive power plant | F107: coal | G107: Punjab | H107: Pakistan | I107: operating | J107: 40 | K107: {=SUM(VALUE(_xlfn.TEXTSPLIT(J107, ",")))} -> 40 | L107: =(K107*1000*24*365) -> 350400000 | M107: =Sheet1!$D$5 -> 0.00037 | N107: =((L107*M107)/1000)*0.05 -> 6.4824 | O107: =Sheet1!$D$2 -> 0.00019 | P107: =((L107*O107)/1000)*0.05 -> 3.3288 | Q107: =Sheet1!$D$3 -> 0.0072 | R107: =((L107*Q107)/1000)*0.05 -> 126.144 | S107: =Sheet1!$D$4 -> 0.0043 | T107: =((S107*L107)/1000)*0.05 -> 75.336
A108: CP-23 | B108: Khushab Coal-Fired Thermal Power Plant | C108: 31.981613 | D108: 72.186482 | E108: coal plant | F108: coal | G108: Punjab | H108: Pakistan | I108: operating | J108: 50 | K108: {=SUM(VALUE(_xlfn.TEXTSPLIT(J108, ",")))} -> 50 | L108: =(K108*1000*24*365) -> 438000000 | M108: =Sheet1!$D$5 -> 0.00037 | N108: =((L108*M108)/1000)*0.05 -> 8.103 | O108: =Sheet1!$D$2 -> 0.00019 | P108: =((L108*O108)/1000)*0.05 -> 4.161 | Q108: =Sheet1!$D$3 -> 0.0072 | R108: =((L108*Q108)/1000)*0.05 -> 157.68 | S108: =Sheet1!$D$4 -> 0.0043 | T108: =((S108*L108)/1000)*0.05 -> 94.17

Sheet Sheet1
A1: Pollutant | B1: EF | C1: Unit | D1: EF normalised (tonnes of pollutant/tonnes of production) | E1: Notes
A2: PM2.5 | B2: 0.19 | C2: tonne/000 tonnes | D2: =B2/1000 -> 0.00019 | E2: Averaged from a range = 0.16-0.22
A3: SO2 | B3: 7.2 | C3: tonne/000 tonnes | D3: =B3/1000 -> 0.0072
A4: NOx | B4: 4.3 | C4: tonne/000 tonnes | D4: =B4/1000 -> 0.0043 | E4: Averaged from a range = 4.22 - 4.38
A5: PM10 | B5: =AVERAGE(0.29,0.45) -> 0.37 | C5: tonne/000 tonnes | D5: =B5/1000 -> 0.00037 | E5: Averaged from a range = 0.29-0.45
A10: Source | B10: India Air Quality - Coal Power Plants Emissions - reference for PM2.5 and PM10 | C10: https://www.indiaairquality.info/wp-content/uploads/docs/2014-08-AE-Emissions-Health-Coal-PPs-India.pdf
B11: US EPA - Emissions Inventory Conference - Reference for So2 and Nox
