Workbook

Sheet cement_emissions_sources_v4_8_0
A1: source_name | B1: iso3_country | C1: lat | D1: lon | E1: capacity | F1: capacity_units | G1: capacity_factor | H1: emfpm10 | I1: pm10_t_yr | J1: emfpm25 | K1: pm25_t_yr | L1: emfso2 | M1: so2_t_yr | N1: emfnox | O1: nox_t_yr | P1: emfbc | Q1: bc_t_yr
A2: National Cement Mathatani Cement Plant | B2: KEN | C2: -1.4953049 | D2: 37.055471 | E2: 143989.07 | F2: t of cement | G2: 0.75691514 | H2: =Sheet1!$G$5 -> 0.0002223 | I2: =G2*H2*E2 -> 24.227923 | J2: =Sheet1!$G$2 -> 0.0001235 | K2: =G2*J2*E2 -> 13.459957 | L2: =Sheet1!$G$3 -> 0.0007695 | M2: =L2*G2*E2 -> 83.865888 | N2: =[1]Sheet1!$G$4 -> 0.000494 | O2: =N2*G2*E2 -> 53.839829 | P2: =Sheet1!$G$7 -> 2.85e-06 | Q2: =P2*G2*E2 -> 0.3106144
A3: Mindouli Cement Plant | B3: COG | C3: -4.2423557 | D3: 14.362854 | E3: 59289.617 | F3: t of cement | G3: 0.51 | H3: =[1]Sheet1!$G$5 -> 0.0002223 | I3: =G3*H3*E3 -> 6.7218418 | J3: =[1]Sheet1!$G$2 -> 0.0001235 | K3: =G3*J3*E3 -> 3.7343566 | L3: =Sheet1!$G$3 -> 0.0007695 | M3: =L3*G3*E3 -> 23.267914 | N3: =[1]Sheet1!$G$4 -> 0.000494 | O3: =N3*G3*E3 -> 14.937426 | P3: =Sheet1!$G$7 -> 2.85e-06 | Q3: =P3*G3*E3 -> 0.086177459
A4: PPC Barnet Kimpese Cement Plant | B4: COD | C4: -5.5391047 | D4: 14.33595 | E4: 92322.404 | F4: t of cement | G4: 0.034085714 | H4: =[1]Sheet1!$G$5 -> 0.0002223 | I4: =G4*H4*E4 -> 0.69955033 | J4: =[1]Sheet1!$G$2 -> 0.0001235 | K4: =G4*J4*E4 -> 0.38863907 | L4: =Sheet1!$G$3 -> 0.0007695 | M4: =L4*G4*E4 -> 2.4215204 | N4: =[1]Sheet1!$G$4 -> 0.000494 | O4: =N4*G4*E4 -> 1.5545563 | P4: =Sheet1!$G$7 -> 2.85e-06 | Q4: =P4*G4*E4 -> 0.008968594
A5: SONOCC Madingou Cement Plant | B5: COG | C5: -4.289766 | D5: 13.85754 | E5: 25409.836 | F5: t of cement | G5: 0.17205714 | H5: =[1]Sheet1!$G$5 -> 0.0002223 | I5: =G5*H5*E5 -> 0.97188311 | J5: =[1]Sheet1!$G$2 -> 0.0001235 | K5: =G5*J5*E5 -> 0.53993506 | L5: =Sheet1!$G$3 -> 0.0007695 | M5: =L5*G5*E5 -> 3.3642107 | N5: =[1]Sheet1!$G$4 -> 0.000494 | O5: =N5*G5*E5 -> 2.1597402 | P5: =Sheet1!$G$7 -> 2.85e-06 | Q5: =P5*G5*E5 -> 0.01246004
A6: Bamburi Mombasa Cement Plant | B6: KEN | C6: -4.0073449 | D6: 39.716377 | E6: 67759.563 | F6: t of cement | G6: 0.819915 | H6: =[1]Sheet1!$G$5 -> 0.0002223 | I6: =G6*H6*E6 -> 12.350339 | J6: =[1]Sheet1!$G$2 -> 0.0001235 | K6: =G6*J6*E6 -> 6.8612996 | L6: =Sheet1!$G$3 -> 0.0007695 | M6: =L6*G6*E6 -> 42.751175 | N6: =[1]Sheet1!$G$4 -> 0.000494 | O6: =N6*G6*E6 -> 27.445198 | P6: =Sheet1!$G$7 -> 2.85e-06 | Q6: =P6*G6*E6 -> 0.15833768
A7: Lukala Cement Plant | B7: COD | C7: -5.5090522 | D7: 14.525977 | E7: 30491.803 | F7: t of cement | G7: 0.51387273 | H7: =[1]Sheet1!$G$5 -> 0.0002223 | I7: =G7*H7*E7 -> 3.4831978 | J7: =[1]Sheet1!$G$2 -> 0.0001235 | K7: =G7*J7*E7 -> 1.9351099 | L7: =Sheet1!$G$3 -> 0.0007695 | M7: =L7*G7*E7 -> 12.057223 | N7: =[1]Sheet1!$G$4 -> 0.000494 | O7: =N7*G7*E7 -> 7.7404396 | P7: =Sheet1!$G$7 -> 2.85e-06 | Q7: =P7*G7*E7 -> 0.044656382
A8: Louvakou Cement Plant | B8: COG | C8: -4.1650095 | D8: 12.615348 | E8: 25409.836 | F8: t of cement | G8: 0.40861714 | H8: =[1]Sheet1!$G$5 -> 0.0002223 | I8: =G8*H8*E8 -> 2.3081175 | J8: =[1]Sheet1!$G$2 -> 0.0001235 | K8: =G8*J8*E8 -> 1.2822875 | L8: =Sheet1!$G$3 -> 0.0007695 | M8: =L8*G8*E8 -> 7.9896374 | N8: =[1]Sheet1!$G$4 -> 0.000494 | O8: =N8*G8*E8 -> 5.1291499 | P8: =Sheet1!$G$7 -> 2.85e-06 | Q8: =P8*G8*E8 -> 0.02959125
A9: EPAC Athi River Cement Plant | B9: KEN | C9: -1.4527518 | D9: 36.963462 | E9: 84699.454 | F9: t of cement | G9: 0.828006 | H9: =[1]Sheet1!$G$5 -> 0.0002223 | I9: =G9*H9*E9 -> 15.590267 | J9: =[1]Sheet1!$G$2 -> 0.0001235 | K9: =G9*J9*E9 -> 8.6612595 | L9: =Sheet1!$G$3 -> 0.0007695 | M9: =L9*G9*E9 -> 53.966309 | N9: =[1]Sheet1!$G$4 -> 0.000494 | O9: =N9*G9*E9 -> 34.645038 | P9: =Sheet1!$G$7 -> 2.85e-06 | Q9: =P9*G9*E9 -> 0.19987522
A10: Kabimba Cement Plant | B10: COD | C10: -5.5568513 | D10: 29.339068 | E10: 127049.18 | F10: t of cement | G10: 0.17340118 | H10: =[1]Sheet1!$G$5 -> 0.0002223 | I10: =G10*H10*E10 -> 4.8973752 | J10: =[1]Sheet1!$G$2 -> 0.0001235 | K10: =G10*J10*E10 -> 2.720764 | L10: =Sheet1!$G$3 -> 0.0007695 | M10: =L10*G10*E10 -> 16.952452 | N10: =[1]Sheet1!$G$4 -> 0.000494 | O10: =N10*G10*E10 -> 10.883056 | P10: =Sheet1!$G$7 -> 2.85e-06 | Q10: =P10*G10*E10 -> 0.062786861
A11: Mkomani Cement Plant | B11: KEN | C11: -3.7365662 | D11: 39.844225 | E11: 84699.454 | F11: t of cement | G11: 0.806585 | H11: =[1]Sheet1!$G$5 -> 0.0002223 | I11: =G11*H11*E11 -> 15.186938 | J11: =[1]Sheet1!$G$2 -> 0.0001235 | K11: =G11*J11*E11 -> 8.4371876 | L11: =Sheet1!$G$3 -> 0.0007695 | M11: =L11*G11*E11 -> 52.570169 | N11: =[1]Sheet1!$G$4 -> 0.000494 | O11: =N11*G11*E11 -> 33.748751 | P11: =Sheet1!$G$7 -> 2.85e-06 | Q11: =P11*G11*E11 -> 0.19470433
A12: CimenKat Lubudi Cement Plant | B12: COD | C12: -9.9423156 | D12: 25.960644 | E12: 7368.8525 | F12: t of cement | G12: 0.51 | H12: =[1]Sheet1!$G$5 -> 0.0002223 | I12: =G12*H12*E12 -> 0.83542891 | J12: =[1]Sheet1!$G$2 -> 0.0001235 | K12: =G12*J12*E12 -> 0.46412717 | L12: =Sheet1!$G$3 -> 0.0007695 | M12: =L12*G12*E12 -> 2.8918693 | N12: =[1]Sheet1!$G$4 -> 0.000494 | O12: =N12*G12*E12 -> 1.8565087 | P12: =Sheet1!$G$7 -> 2.85e-06 | Q12: =P12*G12*E12 -> 0.010710627
A13: Nyumba Ya Akiba Cement Plant | B13: COD | C13: -5.6312085 | D13: 14.204971 | E13: 110109.29 | F13: t of cement | G13: 0.17340118 | H13: =[1]Sheet1!$G$5 -> 0.0002223 | I13: =G13*H13*E13 -> 4.2443918 | J13: =[1]Sheet1!$G$2 -> 0.0001235 | K13: =G13*J13*E13 -> 2.3579954 | L13: =Sheet1!$G$3 -> 0.0007695 | M13: =L13*G13*E13 -> 14.692125 | N13: =[1]Sheet1!$G$4 -> 0.000494 | O13: =N13*G13*E13 -> 9.4319818 | P13: =Sheet1!$G$7 -> 2.85e-06 | Q13: =P13*G13*E13 -> 0.054415279
A14: National Kaloleni Cement Plant | B14: KEN | C14: -3.8455405 | D14: 39.633995 | E14: 59289.617 | F14: t of cement | G14: 0.5124 | H14: =[1]Sheet1!$G$5 -> 0.0002223 | I14: =G14*H14*E14 -> 6.753474 | J14: =[1]Sheet1!$G$2 -> 0.0001235 | K14: =G14*J14*E14 -> 3.75193 | L14: =Sheet1!$G$3 -> 0.0007695 | M14: =L14*G14*E14 -> 23.37741 | N14: =[1]Sheet1!$G$4 -> 0.000494 | O14: =N14*G14*E14 -> 15.00772 | P14: =Sheet1!$G$7 -> 2.85e-06 | Q14: =P14*G14*E14 -> 0.086583

Sheet Sheet1
A1: Pollutant | B1: EF_clinker | C1: Unit | D1: Type | E1: Clinker factor* | F1: EF_cement (g/tonnes of cement) | G1: EF_cement (tonnes of pollutant/tonnes of cement) | H1: Notes
A2: PM2.5 | B2: 130 | C2: g/tonnes | D2: Grinding | E2: 0.95 | F2: =E2*B2 -> 123.5 | G2: =F2/1000000 -> 0.0001235
A3: SO2** | B3: 810 | C3: g/tonnes | D3: Grinding | E3: 0.95 | F3: =E3*B3 -> 769.5 | G3: =F3/1000000 -> 0.0007695
A4: NOx** | B4: 520 | C4: g/tonnes | D4: Grinding | E4: 0.95 | F4: =E4*B4 -> 494 | G4: =F4/1000000 -> 0.000494
A5: PM10 | B5: 234 | C5: g/tonnes | D5: Grinding | E5: 0.95 | F5: =E5*B5 -> 222.3 | G5: =F5/1000000 -> 0.0002223
A6: TSP | B6: 260 | C6: g/tonnes | D6: Grinding | E6: 0.95 | F6: =E6*B6 -> 247 | G6: =F6/1000000 -> 0.000247
A7: BC | B7: 3 | C7: g/tonnes | D7: Grinding | E7: 0.95 | F7: =E7*B7 -> 2.85 | G7: =F7/1000000 -> 2.85e-06
A8: *Clinker factor: ratio of clinker mass to cement mass
A9: ** Median values used from Best available techniques
A10: Source: PM2.5, PM10, TSP, BC | B10: https://www.eea.europa.eu/en/analysis/publications/emep-eea-guidebook-2023/part-b-sectoral-guidance-chapters/2-industrial-processes-and-product-use/2-a-mineral-products/2-a-1-cement-production-2023/@@download/file | J10: 1000000
A11: Source: Best available techniques for SO2 and NOx | B11: https://unece.org/fileadmin/DAM/env/documents/2020/AIR/WGSR/TFTEI_Cement_final_document-december-2020.pdf
