Workbook

Sheet africa_coal_plants_main
A1: id | B1: name | C1: lat | D1: lon | E1: type | F1: fuel | G1: region | H1: country | I1: status | J1: capacities | K1: capacity_power | L1: prod_kw | M1: emfpm10 | N1: pm10_t_yr | O1: emfpm25 | P1: pm25_t_yr | Q1: emfso2 | R1: so2_t_yr | S1: emfnox | T1: nox_t_yr | U1: source
A2: CN-1 | B2: Gboko Cement power station | C2: 7.411 | D2: 8.974 | F2: coal | G2: Benue | H2: Nigeria | I2: operating | J2: 38.5 | K2: 38 | L2: =(K2*1000*24*365) -> 332880000 | M2: =Sheet1!$D$5 -> 0.00037 | N2: =((L2*M2)/1000)*0.05 -> 6.15828 | O2: =Sheet1!$D$2 -> 0.00019 | P2: =((L2*O2)/1000)*0.05 -> 3.16236 | Q2: =Sheet1!$D$3 -> 0.0072 | R2: =((L2*Q2)/1000)*0.05 -> 119.8368 | S2: =Sheet1!$D$4 -> 0.0043 | T2: =((L2*S2)/1000)*0.05 -> 71.5692 | U2: GEM
A3: CN-2 | B3: Ibese Cement power station | C3: 7.004 | D3: 3.048 | F3: coal | G3: Ogun | H3: Nigeria | I3: operating | J3: 37,37,37 | K3: 111 | L3: =(K3*1000*24*365) -> 972360000 | M3: =Sheet1!$D$5 -> 0.00037 | N3: =((L3*M3)/1000)*0.05 -> 17.98866 | O3: =Sheet1!$D$2 -> 0.00019 | P3: =((L3*O3)/1000)*0.05 -> 9.23742 | Q3: =Sheet1!$D$3 -> 0.0072 | R3: =((L3*Q3)/1000)*0.05 -> 350.0496 | S3: =Sheet1!$D$4 -> 0.0043 | T3: =((L3*S3)/1000)*0.05 -> 209.0574 | U3: GEM
A4: CN-3 | B4: Okpella Cement power station | C4: 7.344217 | D4: 6.462388 | F4: coal | G4: Edo | H4: Nigeria | I4: operating | J4: 30,30 | K4: 60 | L4: =(K4*1000*24*365) -> 525600000 | M4: =Sheet1!$D$5 -> 0.00037 | N4: =((L4*M4)/1000)*0.05 -> 9.7236 | O4: =Sheet1!$D$2 -> 0.00019 | P4: =((L4*O4)/1000)*0.05 -> 4.9932 | Q4: =Sheet1!$D$3 -> 0.0072 | R4: =((L4*Q4)/1000)*0.05 -> 189.216 | S4: =Sheet1!$D$4 -> 0.0043 | T4: =((L4*S4)/1000)*0.05 -> 113.004 | U4: GEM
A5: CN-4 | B5: Obajana Cement power station | C5: 7.926 | D5: 6.423 | F5: coal | G5: Kogi | H5: Nigeria | I5: operating | J5: 45,45,45 | K5: 135 | L5: =(K5*1000*24*365) -> 1182600000 | M5: =Sheet1!$D$5 -> 0.00037 | N5: =((L5*M5)/1000)*0.05 -> 21.8781 | O5: =Sheet1!$D$2 -> 0.00019 | P5: =((L5*O5)/1000)*0.05 -> 11.2347 | Q5: =Sheet1!$D$3 -> 0.0072 | R5: =((L5*Q5)/1000)*0.05 -> 425.736 | S5: =Sheet1!$D$4 -> 0.0043 | T5: =((L5*S5)/1000)*0.05 -> 254.259 | U5: GEM
A6: CN-5 | B6: Ugboba power station | C6: 6.421924 | D6: 6.460065 | F6: lignite | G6: Delta | H6: Nigeria | I6: permitted | J6: 600 | K6: 600 | L6: =(K6*1000*24*365) -> 5256000000 | M6: =Sheet1!$D$5 -> 0.00037 | N6: =((L6*M6)/1000)*0.05 -> 97.236 | O6: =Sheet1!$D$2 -> 0.00019 | P6: =((L6*O6)/1000)*0.05 -> 49.932 | Q6: =Sheet1!$D$3 -> 0.0072 | R6: =((L6*Q6)/1000)*0.05 -> 1892.16 | S6: =Sheet1!$D$4 -> 0.0043 | T6: =((L6*S6)/1000)*0.05 -> 1130.04 | U6: GEM
A7: CN-6 | B7: Egbin Thermal Power Station | C7: 6.5661818 | D7: 3.5946767 | H7: Nigeria | L7: =(K7*1000*24*365) -> 0 | M7: =Sheet1!$D$5 -> 0.00037 | N7: =((L7*M7)/1000)*0.05 -> 0 | O7: =Sheet1!$D$2 -> 0.00019 | P7: =((L7*O7)/1000)*0.05 -> 0 | Q7: =Sheet1!$D$3 -> 0.0072 | R7: =((L7*Q7)/1000)*0.05 -> 0 | S7: =Sheet1!$D$4 -> 0.0043 | T7: =((L7*S7)/1000)*0.05 -> 0
A8: CN-7 | B8: NIPP Gbarain-Ubie Power Station | C8: 5.0310479 | D8: 6.3015074 | H8: Nigeria | L8: =(K8*1000*24*365) -> 0 | M8: =Sheet1!$D$5 -> 0.00037 | N8: =((L8*M8)/1000)*0.05 -> 0 | O8: =Sheet1!$D$2 -> 0.00019 | P8: =((L8*O8)/1000)*0.05 -> 0 | Q8: =Sheet1!$D$3 -> 0.0072 | R8: =((L8*Q8)/1000)*0.05 -> 0 | S8: =Sheet1!$D$4 -> 0.0043 | T8: =((L8*S8)/1000)*0.05 -> 0
A9: CN-8 | B9: Azura Edo IPP | C9: 6.4110031 | D9: 5.6803898 | H9: Nigeria | L9: =(K9*1000*24*365) -> 0 | M9: =Sheet1!$D$5 -> 0.00037 | N9: =((L9*M9)/1000)*0.05 -> 0 | O9: =Sheet1!$D$2 -> 0.00019 | P9: =((L9*O9)/1000)*0.05 -> 0 | Q9: =Sheet1!$D$3 -> 0.0072 | R9: =((L9*Q9)/1000)*0.05 -> 0 | S9: =Sheet1!$D$4 -> 0.0043 | T9: =((L9*S9)/1000)*0.05 -> 0
A10: CN-9 | B10: Egbema Power Plant Umuezi Mmahu | C10: 5.5656073 | D10: 6.738329 | H10: Nigeria | L10: =(K10*1000*24*365) -> 0 | M10: =Sheet1!$D$5 -> 0.00037 | N10: =((L10*M10)/1000)*0.05 -> 0 | O10: =Sheet1!$D$2 -> 0.00019 | P10: =((L10*O10)/1000)*0.05 -> 0 | Q10: =Sheet1!$D$3 -> 0.0072 | R10: =((L10*Q10)/1000)*0.05 -> 0 | S10: =Sheet1!$D$4 -> 0.0043 | T10: =((L10*S10)/1000)*0.05 -> 0
A11: CN-10 | B11: Oji Termal Station | C11: 6.2622331 | D11: 7.2770691 | H11: Nigeria | L11: =(K11*1000*24*365) -> 0 | M11: =Sheet1!$D$5 -> 0.00037 | N11: =((L11*M11)/1000)*0.05 -> 0 | O11: =Sheet1!$D$2 -> 0.00019 | P11: =((L11*O11)/1000)*0.05 -> 0 | Q11: =Sheet1!$D$3 -> 0.0072 | R11: =((L11*Q11)/1000)*0.05 -> 0 | S11: =Sheet1!$D$4 -> 0.0043 | T11: =((L11*S11)/1000)*0.05 -> 0
A12: CN-11 | B12: MOSRA ENERGY LTD | C12: 7.6750691 | D12: 7.6900815 | H12: Nigeria | L12: =(K12*1000*24*365) -> 0 | M12: =Sheet1!$D$5 -> 0.00037 | N12: =((L12*M12)/1000)*0.05 -> 0 | O12: =Sheet1!$D$2 -> 0.00019 | P12: =((L12*O12)/1000)*0.05 -> 0 | Q12: =Sheet1!$D$3 -> 0.0072 | R12: =((L12*Q12)/1000)*0.05 -> 0 | S12: =Sheet1!$D$4 -> 0.0043 | T12: =((L12*S12)/1000)*0.05 -> 0
A13: CN-12 | B13: Okoloma Gas Plant | C13: 4.8444578 | D13: 7.2534579 | H13: Nigeria | L13: =(K13*1000*24*365) -> 0 | M13: =Sheet1!$D$5 -> 0.00037 | N13: =((L13*M13)/1000)*0.05 -> 0 | O13: =Sheet1!$D$2 -> 0.00019 | P13: =((L13*O13)/1000)*0.05 -> 0 | Q13: =Sheet1!$D$3 -> 0.0072 | R13: =((L13*Q13)/1000)*0.05 -> 0 | S13: =Sheet1!$D$4 -> 0.0043 | T13: =((L13*S13)/1000)*0.05 -> 0
A14: CN-13 | B14: National Integrated Power Project | C14: 6.5859319 | D14: 3.5231689 | H14: Nigeria | L14: =(K14*1000*24*365) -> 0 | M14: =Sheet1!$D$5 -> 0.00037 | N14: =((L14*M14)/1000)*0.05 -> 0 | O14: =Sheet1!$D$2 -> 0.00019 | P14: =((L14*O14)/1000)*0.05 -> 0 | Q14: =Sheet1!$D$3 -> 0.0072 | R14: =((L14*Q14)/1000)*0.05 -> 0 | S14: =Sheet1!$D$4 -> 0.0043 | T14: =((L14*S14)/1000)*0.05 -> 0
A15: CN-14 | B15: Shiroro Power Station | C15: 9.9731206 | D15: 6.8343434 | H15: Nigeria | L15: =(K15*1000*24*365) -> 0 | M15: =Sheet1!$D$5 -> 0.00037 | N15: =((L15*M15)/1000)*0.05 -> 0 | O15: =Sheet1!$D$2 -> 0.00019 | P15: =((L15*O15)/1000)*0.05 -> 0 | Q15: =Sheet1!$D$3 -> 0.0072 | R15: =((L15*Q15)/1000)*0.05 -> 0 | S15: =Sheet1!$D$4 -> 0.0043 | T15: =((L15*S15)/1000)*0.05 -> 0
A16: CN-15 | B16: African Natural Resources & Mines Limited | C16: 9.4624814 | D16: 7.3679633 | H16: Nigeria | L16: =(K16*1000*24*365) -> 0 | M16: =Sheet1!$D$5 -> 0.00037 | N16: =((L16*M16)/1000)*0.05 -> 0 | O16: =Sheet1!$D$2 -> 0.00019 | P16: =((L16*O16)/1000)*0.05 -> 0 | Q16: =Sheet1!$D$3 -> 0.0072 | R16: =((L16*Q16)/1000)*0.05 -> 0 | S16: =Sheet1!$D$4 -> 0.0043 | T16: =((L16*S16)/1000)*0.05 -> 0
A17: CN-16 | B17: Ethiope Energy Ltd | C17: 4.8248095 | D17: 7.0389116 | H17: Nigeria | L17: =(K17*1000*24*365) -> 0 | M17: =Sheet1!$D$5 -> 0.00037 | N17: =((L17*M17)/1000)*0.05 -> 0 | O17: =Sheet1!$D$2 -> 0.00019 | P17: =((L17*O17)/1000)*0.05 -> 0 | Q17: =Sheet1!$D$3 -> 0.0072 | R17: =((L17*Q17)/1000)*0.05 -> 0 | S17: =Sheet1!$D$4 -> 0.0043 | T17: =((L17*S17)/1000)*0.05 -> 0
A18: CN-17 | B18: Resident Cement Gwana power station | C18: 9.630984 | D18: 10.818145 | F18: unknown | G18: Bauchi | H18: Nigeria | I18: announced | J18: 100 | K18: 100 | L18: =(K18*1000*24*365) -> 876000000 | M18: =Sheet1!$D$5 -> 0.00037 | N18: =((L18*M18)/1000)*0.05 -> 16.206 | O18: =Sheet1!$D$2 -> 0.00019 | P18: =((L18*O18)/1000)*0.05 -> 8.322 | Q18: =Sheet1!$D$3 -> 0.0072 | R18: =((L18*Q18)/1000)*0.05 -> 315.36 | S18: =Sheet1!$D$4 -> 0.0043 | T18: =((L18*S18)/1000)*0.05 -> 188.34 | U18: GEM
A19: CN-18 | B19: DANGOTE BENUE CEMENT | C19: 7.4108 | D19: 8.9739 | H19: Nigeria | I19: operating | J19: 43.9 | K19: 43.9 | L19: =(K19*1000*24*365) -> 384564000 | M19: =Sheet1!$D$5 -> 0.00037 | N19: =((L19*M19)/1000)*0.05 -> 7.114434 | O19: =Sheet1!$D$2 -> 0.00019 | P19: =((L19*O19)/1000)*0.05 -> 3.653358 | Q19: =Sheet1!$D$3 -> 0.0072 | R19: =((L19*Q19)/1000)*0.05 -> 138.44304 | S19: =Sheet1!$D$4 -> 0.0043 | T19: =((L19*S19)/1000)*0.05 -> 82.68126 | U19: Climate Trace
A20: CU-1 | B20: Mubuku I Hydroelectric Power Station | C20: 0.3183067 | D20: 30.100384 | H20: Uganda | L20: =(K20*1000*24*365) -> 0 | M20: =Sheet1!$D$5 -> 0.00037 | N20: =((L20*M20)/1000)*0.05 -> 0 | O20: =Sheet1!$D$2 -> 0.00019 | P20: =((L20*O20)/1000)*0.05 -> 0 | Q20: =Sheet1!$D$3 -> 0.0072 | R20: =((L20*Q20)/1000)*0.05 -> 0 | S20: =Sheet1!$D$4 -> 0.0043 | T20: =((L20*S20)/1000)*0.05 -> 0
A21: CU-2 | B21: Mpanga Power Station | C21: 0.0664008 | D21: 30.321343 | H21: Uganda | L21: =(K21*1000*24*365) -> 0 | M21: =Sheet1!$D$5 -> 0.00037 | N21: =((L21*M21)/1000)*0.05 -> 0 | O21: =Sheet1!$D$2 -> 0.00019 | P21: =((L21*O21)/1000)*0.05 -> 0 | Q21: =Sheet1!$D$3 -> 0.0072 | R21: =((L21*Q21)/1000)*0.05 -> 0 | S21: =Sheet1!$D$4 -> 0.0043 | T21: =((L21*S21)/1000)*0.05 -> 0
A22: CU-3 | B22: Bugoye Hydroelectric Power Station | C22: 0.30536 | D22: 30.097912 | H22: Uganda | L22: =(K22*1000*24*365) -> 0 | M22: =Sheet1!$D$5 -> 0.00037 | N22: =((L22*M22)/1000)*0.05 -> 0 | O22: =Sheet1!$D$2 -> 0.00019 | P22: =((L22*O22)/1000)*0.05 -> 0 | Q22: =Sheet1!$D$3 -> 0.0072 | R22: =((L22*Q22)/1000)*0.05 -> 0 | S22: =Sheet1!$D$4 -> 0.0043 | T22: =((L22*S22)/1000)*0.05 -> 0
A23: CU-4 | B23: Nkusi Hydroelectric Power Station | C23: 1.1204641 | D23: 30.668634 | H23: Uganda | L23: =(K23*1000*24*365) -> 0 | M23: =Sheet1!$D$5 -> 0.00037 | N23: =((L23*M23)/1000)*0.05 -> 0 | O23: =Sheet1!$D$2 -> 0.00019 | P23: =((L23*O23)/1000)*0.05 -> 0 | Q23: =Sheet1!$D$3 -> 0.0072 | R23: =((L23*Q23)/1000)*0.05 -> 0 | S23: =Sheet1!$D$4 -> 0.0043 | T23: =((L23*S23)/1000)*0.05 -> 0
A24: CU-5 | B24: Mubuku III Hydroelectric Power Station | C24: 0.260349 | D24: 30.149364 | H24: Uganda | L24: =(K24*1000*24*365) -> 0 | M24: =Sheet1!$D$5 -> 0.00037 | N24: =((L24*M24)/1000)*0.05 -> 0 | O24: =Sheet1!$D$2 -> 0.00019 | P24: =((L24*O24)/1000)*0.05 -> 0 | Q24: =Sheet1!$D$3 -> 0.0072 | R24: =((L24*Q24)/1000)*0.05 -> 0 | S24: =Sheet1!$D$4 -> 0.0043 | T24: =((L24*S24)/1000)*0.05 -> 0
A25: CU-6 | B25: Nyagak Hydro Power Station | C25: 2.4282002 | D25: 30.973318 | H25: Uganda | L25: =(K25*1000*24*365) -> 0 | M25: =Sheet1!$D$5 -> 0.00037 | N25: =((L25*M25)/1000)*0.05 -> 0 | O25: =Sheet1!$D$2 -> 0.00019 | P25: =((L25*O25)/1000)*0.05 -> 0 | Q25: =Sheet1!$D$3 -> 0.0072 | R25: =((L25*Q25)/1000)*0.05 -> 0 | S25: =Sheet1!$D$4 -> 0.0043 | T25: =((L25*S25)/1000)*0.05 -> 0
A26: CU-7 | B26: Mahoma Hydroelectric Power Station | C26: 0.4785387 | D26: 30.273048 | H26: Uganda | L26: =(K26*1000*24*365) -> 0 | M26: =Sheet1!$D$5 -> 0.00037 | N26: =((L26*M26)/1000)*0.05 -> 0 | O26: =Sheet1!$D$2 -> 0.00019 | P26: =((L26*O26)/1000)*0.05 -> 0 | Q26: =Sheet1!$D$3 -> 0.0072 | R26: =((L26*Q26)/1000)*0.05 -> 0 | S26: =Sheet1!$D$4 -> 0.0043 | T26: =((L26*S26)/1000)*0.05 -> 0
A27: CU-8 | B27: Nkonge Solar Power Station | C27: 0.5761443 | D27: 31.719546 | H27: Uganda | L27: =(K27*1000*24*365) -> 0 | M27: =Sheet1!$D$5 -> 0.00037 | N27: =((L27*M27)/1000)*0.05 -> 0 | O27: =Sheet1!$D$2 -> 0.00019 | P27: =((L27*O27)/1000)*0.05 -> 0 | Q27: =Sheet1!$D$3 -> 0.0072 | R27: =((L27*Q27)/1000)*0.05 -> 0 | S27: =Sheet1!$D$4 -> 0.0043 | T27: =((L27*S27)/1000)*0.05 -> 0
A28: CU-9 | B28: Uganda Electricity Generation Company Limited | C28: 0.3446615 | D28: 32.593772 | H28: Uganda | L28: =(K28*1000*24*365) -> 0 | M28: =Sheet1!$D$5 -> 0.00037 | N28: =((L28*M28)/1000)*0.05 -> 0 | O28: =Sheet1!$D$2 -> 0.00019 | P28: =((L28*O28)/1000)*0.05 -> 0 | Q28: =Sheet1!$D$3 -> 0.0072 | R28: =((L28*Q28)/1000)*0.05 -> 0 | S28: =Sheet1!$D$4 -> 0.0043 | T28: =((L28*S28)/1000)*0.05 -> 0
A29: CU-10 | B29: Kabulasoke Solar Power Station | C29: 0.162181 | D29: 31.80291 | H29: Uganda | L29: =(K29*1000*24*365) -> 0 | M29: =Sheet1!$D$5 -> 0.00037 | N29: =((L29*M29)/1000)*0.05 -> 0 | O29: =Sheet1!$D$2 -> 0.00019 | P29: =((L29*O29)/1000)*0.05 -> 0 | Q29: =Sheet1!$D$3 -> 0.0072 | R29: =((L29*Q29)/1000)*0.05 -> 0 | S29: =Sheet1!$D$4 -> 0.0043 | T29: =((L29*S29)/1000)*0.05 -> 0
A30: CU-11 | B30: Kisiizi Hydroelectric Power Station | C30: -0.9957926 | D30: 29.961841 | H30: Uganda | L30: =(K30*1000*24*365) -> 0 | M30: =Sheet1!$D$5 -> 0.00037 | N30: =((L30*M30)/1000)*0.05 -> 0 | O30: =Sheet1!$D$2 -> 0.00019 | P30: =((L30*O30)/1000)*0.05 -> 0 | Q30: =Sheet1!$D$3 -> 0.0072 | R30: =((L30*Q30)/1000)*0.05 -> 0 | S30: =Sheet1!$D$4 -> 0.0043 | T30: =((L30*S30)/1000)*0.05 -> 0
A31: CU-12 | B31: Namugoga Solar Power Station | C31: 0.1725165 | D31: 32.568187 | H31: Uganda | L31: =(K31*1000*24*365) -> 0 | M31: =Sheet1!$D$5 -> 0.00037 | N31: =((L31*M31)/1000)*0.05 -> 0 | O31: =Sheet1!$D$2 -> 0.00019 | P31: =((L31*O31)/1000)*0.05 -> 0 | Q31: =Sheet1!$D$3 -> 0.0072 | R31: =((L31*Q31)/1000)*0.05 -> 0 | S31: =Sheet1!$D$4 -> 0.0043 | T31: =((L31*S31)/1000)*0.05 -> 0
... A55: CG-16 | B55: Nzema Solar Power Station | C55: 5.0462465 | D55: -2.4376759 | H55: Ghana | L55: =(K55*1000*24*365) -> 0 | M55: =Sheet1!$D$5 -> 0.00037 | N55: =((L55*M55)/1000)*0.05 -> 0 | O55: =Sheet1!$D$2 -> 0.00019 | P55: =((L55*O55)/1000)*0.05 -> 0 | Q55: =Sheet1!$D$3 -> 0.0072 | R55: =((L55*Q55)/1000)*0.05 -> 0 | S55: =Sheet1!$D$4 -> 0.0043 | T55: =((L55*S55)/1000)*0.05 -> 0
A56: CS-1 | B56: Gallen Cement power station | C56: 14.796229 | D56: -17.039687 | F56: unknown | G56: Dakar | H56: Senegal | I56: operating | J56: 30 | L56: =(K56*1000*24*365) -> 0 | M56: =Sheet1!$D$5 -> 0.00037 | N56: =((L56*M56)/1000)*0.05 -> 0 | O56: =Sheet1!$D$2 -> 0.00019 | P56: =((L56*O56)/1000)*0.05 -> 0 | Q56: =Sheet1!$D$3 -> 0.0072 | R56: =((L56*Q56)/1000)*0.05 -> 0 | S56: =Sheet1!$D$4 -> 0.0043 | T56: =((L56*S56)/1000)*0.05 -> 0 | U56: GEM
A57: CS-2 | B57: Sendou power station | C57: 14.686988 | D57: -17.213926 | F57: unknown | G57: Dakar | H57: Senegal | I57: operating | J57: 125 | L57: =(K57*1000*24*365) -> 0 | M57: =Sheet1!$D$5 -> 0.00037 | N57: =((L57*M57)/1000)*0.05 -> 0 | O57: =Sheet1!$D$2 -> 0.00019 | P57: =((L57*O57)/1000)*0.05 -> 0 | Q57: =Sheet1!$D$3 -> 0.0072 | R57: =((L57*Q57)/1000)*0.05 -> 0 | S57: =Sheet1!$D$4 -> 0.0043 | T57: =((L57*S57)/1000)*0.05 -> 0 | U57: GEM

Sheet Sheet1
A1: Pollutant | B1: EF | C1: Unit | D1: EF normalised (tonnes of pollutant/tonnes of production) | E1: Notes
A2: PM2.5 | B2: 0.19 | C2: tonne/000 tonnes | D2: =B2/1000 -> 0.00019 | E2: Averaged from a range = 0.16-0.22
A3: SO2 | B3: 7.2 | C3: tonne/000 tonnes | D3: =B3/1000 -> 0.0072
A4: NOx | B4: 4.3 | C4: tonne/000 tonnes | D4: =B4/1000 -> 0.0043 | E4: Averaged from a range = 4.22 - 4.38
A5: PM10 | B5: =AVERAGE(0.29,0.45) -> 0.37 | C5: tonne/000 tonnes | D5: =B5/1000 -> 0.00037 | E5: Averaged from a range = 0.29-0.45
A10: Source | B10: India Air Quality - Coal Power Plants Emissions - reference for PM2.5 and PM10 | C10: https://www.indiaairquality.info/wp-content/uploads/docs/2014-08-AE-Emissions-Health-Coal-PPs-India.pdf
B11: US EPA - Emissions Inventory Conference - Reference for So2 and Nox
